region,year,events,fatalities,post2015,light_mean,cropl_mean,taux_chomage,nbr_site,taux_site,gold_avg_pre2015,gold_avg_post2015,density_hab_km2,hdi_2017,terror_pre2015,terror_post2015,gold_sites
Boucle du Mouhoun,2000,0,0,0,0.939808962,0.119865596,3.5,700,3.2,3.3,22,51.51224744180654,0.393,7,278,3.3
Boucle du Mouhoun,2001,0,0,0,0.939808962,0.119865596,3.5,700,3.2,3.3,22,51.51224744180654,0.393,7,278,3.3
Boucle du Mouhoun,2002,0,0,0,0.939808962,0.119865596,3.5,700,3.2,3.3,22,51.51224744180654,0.393,7,278,3.3
Boucle du Mouhoun,2003,0,0,0,0.939808962,0.119865596,3.5,700,3.2,3.3,22,51.51224744180654,0.393,7,278,3.3
Boucle du Mouhoun,2004,0,0,0,0.939808962,0.119865596,3.5,700,3.2,3.3,22,51.51224744180654,0.393,7,278,3.3
Boucle du Mouhoun,2005,0,0,0,0.939808962,0.119865596,3.5,700,3.2,3.3,22,51.51224744180654,0.393,7,278,3.3
Boucle du Mouhoun,2006,1,9,0,0.939808962,0.119865596,3.5,700,3.2,3.3,22,51.51224744180654,0.393,7,278,3.3
Boucle du Mouhoun,2007,0,0,0,0.939808962,0.119865596,3.5,700,3.2,3.3,22,51.51224744180654,0.393,7,278,3.3
Boucle du Mouhoun,2008,0,0,0,0.939808962,0.119865596,3.5,700,3.2,3.3,22,51.51224744180654,0.393,7,278,3.3
Boucle du Mouhoun,2009,0,0,0,0.939808962,0.119865596,3.5,700,3.2,3.3,22,51.51224744180654,0.393,7,278,3.3
Boucle du Mouhoun,2010,0,0,0,0.939808962,0.119865596,3.5,700,3.2,3.3,22,51.51224744180654,0.393,7,278,3.3
Boucle du Mouhoun,2011,5,2,0,0.939808962,0.119865596,3.5,700,3.2,3.3,22,51.51224744180654,0.393,7,278,3.3
Boucle du Mouhoun,2012,7,0,0,0.939808962,0.119865596,3.5,700,3.2,3.3,22,51.51224744180654,0.393,7,278,3.3
Boucle du Mouhoun,2013,3,0,0,0.939808962,0.119865596,3.5,700,3.2,3.3,22,51.51224744180654,0.393,7,278,3.3
Boucle du Mouhoun,2014,3,0,0,0.939808962,0.119865596,3.5,700,3.2,3.3,22,51.51224744180654,0.393,7,278,3.3
Boucle du Mouhoun,2015,1,0,1,0.939808962,0.119865596,3.5,700,3.2,3.3,22,51.51224744180654,0.393,7,278,22
Boucle du Mouhoun,2016,2,0,1,0.939808962,0.119865596,3.5,700,3.2,3.3,22,51.51224744180654,0.393,7,278,22
Boucle du Mouhoun,2017,9,6,1,0.939808962,0.119865596,3.5,700,3.2,3.3,22,51.51224744180654,0.393,7,278,22
Boucle du Mouhoun,2018,23,17,1,0.939808962,0.119865596,3.5,700,3.2,3.3,22,51.51224744180654,0.393,7,278,22
Boucle du Mouhoun,2019,44,71,1,0.939808962,0.119865596,3.5,700,3.2,3.3,22,51.51224744180654,0.393,7,278,22
Boucle du Mouhoun,2020,54,141,1,0.939808962,0.119865596,3.5,700,3.2,3.3,22,51.51224744180654,0.393,7,278,22
Boucle du Mouhoun,2021,154,59,1,0.939808962,0.119865596,3.5,700,3.2,3.3,22,51.51224744180654,0.393,7,278,22
Boucle du Mouhoun,2022,296,338,1,0.939808962,0.119865596,3.5,700,3.2,3.3,22,51.51224744180654,0.393,7,278,22
Boucle du Mouhoun,2023,299,915,1,0.939808962,0.119865596,3.5,700,3.2,3.3,22,51.51224744180654,0.393,7,278,22
Boucle du Mouhoun,2024,360,1276,1,0.939808962,0.119865596,3.5,700,3.2,3.3,22,51.51224744180654,0.393,7,278,22
Boucle du Mouhoun,2025,193,928,1,0.939808962,0.119865596,3.5,700,3.2,3.3,22,51.51224744180654,0.393,7,278,22
Cascades,2000,0,0,0,1.234697131,0.05455128,3.6,260,9.45,14.9,25,38.68172941304112,0.432,0,120,14.9
Cascades,2001,1,0,0,1.234697131,0.05455128,3.6,260,9.45,14.9,25,38.68172941304112,0.432,0,120,14.9
Cascades,2002,0,0,0,1.234697131,0.05455128,3.6,260,9.45,14.9,25,38.68172941304112,0.432,0,120,14.9
Cascades,2003,0,0,0,1.234697131,0.05455128,3.6,260,9.45,14.9,25,38.68172941304112,0.432,0,120,14.9
Cascades,2004,0,0,0,1.234697131,0.05455128,3.6,260,9.45,14.9,25,38.68172941304112,0.432,0,120,14.9
Cascades,2005,0,0,0,1.234697131,0.05455128,3.6,260,9.45,14.9,25,38.68172941304112,0.432,0,120,14.9
Cascades,2006,0,0,0,1.234697131,0.05455128,3.6,260,9.45,14.9,25,38.68172941304112,0.432,0,120,14.9
Cascades,2007,0,0,0,1.234697131,0.05455128,3.6,260,9.45,14.9,25,38.68172941304112,0.432,0,120,14.9
Cascades,2008,1,0,0,1.234697131,0.05455128,3.6,260,9.45,14.9,25,38.68172941304112,0.432,0,120,14.9
Cascades,2009,0,0,0,1.234697131,0.05455128,3.6,260,9.45,14.9,25,38.68172941304112,0.432,0,120,14.9
Cascades,2010,0,0,0,1.234697131,0.05455128,3.6,260,9.45,14.9,25,38.68172941304112,0.432,0,120,14.9
Cascades,2011,4,0,0,1.234697131,0.05455128,3.6,260,9.45,14.9,25,38.68172941304112,0.432,0,120,14.9
Cascades,2012,2,0,0,1.234697131,0.05455128,3.6,260,9.45,14.9,25,38.68172941304112,0.432,0,120,14.9
Cascades,2013,2,0,0,1.234697131,0.05455128,3.6,260,9.45,14.9,25,38.68172941304112,0.432,0,120,14.9
Cascades,2014,6,0,0,1.234697131,0.05455128,3.6,260,9.45,14.9,25,38.68172941304112,0.432,0,120,14.9
Cascades,2015,9,3,1,1.234697131,0.05455128,3.6,260,9.45,14.9,25,38.68172941304112,0.432,0,120,25
Cascades,2016,4,0,1,1.234697131,0.05455128,3.6,260,9.45,14.9,25,38.68172941304112,0.432,0,120,25
Cascades,2017,5,0,1,1.234697131,0.05455128,3.6,260,9.45,14.9,25,38.68172941304112,0.432,0,120,25
Cascades,2018,6,0,1,1.234697131,0.05455128,3.6,260,9.45,14.9,25,38.68172941304112,0.432,0,120,25
Cascades,2019,22,23,1,1.234697131,0.05455128,3.6,260,9.45,14.9,25,38.68172941304112,0.432,0,120,25
Cascades,2020,18,15,1,1.234697131,0.05455128,3.6,260,9.45,14.9,25,38.68172941304112,0.432,0,120,25
Cascades,2021,75,75,1,1.234697131,0.05455128,3.6,260,9.45,14.9,25,38.68172941304112,0.432,0,120,25
Cascades,2022,86,97,1,1.234697131,0.05455128,3.6,260,9.45,14.9,25,38.68172941304112,0.432,0,120,25
Cascades,2023,79,233,1,1.234697131,0.05455128,3.6,260,9.45,14.9,25,38.68172941304112,0.432,0,120,25
Cascades,2024,48,212,1,1.234697131,0.05455128,3.6,260,9.45,14.9,25,38.68172941304112,0.432,0,120,25
Cascades,2025,30,106,1,1.234697131,0.05455128,3.6,260,9.45,14.9,25,38.68172941304112,0.432,0,120,25
Centre,2000,18,0,0,3.928457027,0.231835439,9.5,13,0,0,0,1057.5069518716577,0.612,35,72,0
Centre,2001,5,0,0,3.928457027,0.231835439,9.5,13,0,0,0,1057.5069518716577,0.612,35,72,0
Centre,2002,2,21,0,3.928457027,0.231835439,9.5,13,0,0,0,1057.5069518716577,0.612,35,72,0
Centre,2003,1,1,0,3.928457027,0.231835439,9.5,13,0,0,0,1057.5069518716577,0.612,35,72,0
Centre,2004,1,0,0,3.928457027,0.231835439,9.5,13,0,0,0,1057.5069518716577,0.612,35,72,0
Centre,2005,6,0,0,3.928457027,0.231835439,9.5,13,0,0,0,1057.5069518716577,0.612,35,72,0
Centre,2006,5,5,0,3.928457027,0.231835439,9.5,13,0,0,0,1057.5069518716577,0.612,35,72,0
Centre,2007,1,0,0,3.928457027,0.231835439,9.5,13,0,0,0,1057.5069518716577,0.612,35,72,0
Centre,2008,3,0,0,3.928457027,0.231835439,9.5,13,0,0,0,1057.5069518716577,0.612,35,72,0
Centre,2009,1,0,0,3.928457027,0.231835439,9.5,13,0,0,0,1057.5069518716577,0.612,35,72,0
Centre,2010,4,0,0,3.928457027,0.231835439,9.5,13,0,0,0,1057.5069518716577,0.612,35,72,0
Centre,2011,42,2,0,3.928457027,0.231835439,9.5,13,0,0,0,1057.5069518716577,0.612,35,72,0
Centre,2012,16,0,0,3.928457027,0.231835439,9.5,13,0,0,0,1057.5069518716577,0.612,35,72,0
Centre,2013,22,4,0,3.928457027,0.231835439,9.5,13,0,0,0,1057.5069518716577,0.612,35,72,0
Centre,2014,66,23,0,3.928457027,0.231835439,9.5,13,0,0,0,1057.5069518716577,0.612,35,72,0
Centre,2015,61,11,1,3.928457027,0.231835439,9.5,13,0,0,0,1057.5069518716577,0.612,35,72,0
Centre,2016,40,34,1,3.928457027,0.231835439,9.5,13,0,0,0,1057.5069518716577,0.612,35,72,0
Centre,2017,46,21,1,3.928457027,0.231835439,9.5,13,0,0,0,1057.5069518716577,0.612,35,72,0
Centre,2018,48,24,1,3.928457027,0.231835439,9.5,13,0,0,0,1057.5069518716577,0.612,35,72,0
Centre,2019,65,14,1,3.928457027,0.231835439,9.5,13,0,0,0,1057.5069518716577,0.612,35,72,0
Centre,2020,41,3,1,3.928457027,0.231835439,9.5,13,0,0,0,1057.5069518716577,0.612,35,72,0
Centre,2021,44,2,1,3.928457027,0.231835439,9.5,13,0,0,0,1057.5069518716577,0.612,35,72,0
Centre,2022,77,11,1,3.928457027,0.231835439,9.5,13,0,0,0,1057.5069518716577,0.612,35,72,0
Centre,2023,42,5,1,3.928457027,0.231835439,9.5,13,0,0,0,1057.5069518716577,0.612,35,72,0
Centre,2024,26,0,1,3.928457027,0.231835439,9.5,13,0,0,0,1057.5069518716577,0.612,35,72,0
Centre,2025,17,0,1,3.928457027,0.231835439,9.5,13,0,0,0,1057.5069518716577,0.612,35,72,0
Centre-Est,2000,0,0,0,1.018026681,0.229933238,8.2,375,4.09,9.3,17,97.03059143439837,0.418,17,67,9.3
Centre-Est,2001,0,0,0,1.018026681,0.229933238,8.2,375,4.09,9.3,17,97.03059143439837,0.418,17,67,9.3
Centre-Est,2002,0,0,0,1.018026681,0.229933238,8.2,375,4.09,9.3,17,97.03059143439837,0.418,17,67,9.3
Centre-Est,2003,0,0,0,1.018026681,0.229933238,8.2,375,4.09,9.3,17,97.03059143439837,0.418,17,67,9.3
Centre-Est,2004,2,5,0,1.018026681,0.229933238,8.2,375,4.09,9.3,17,97.03059143439837,0.418,17,67,9.3
Centre-Est,2005,0,0,0,1.018026681,0.229933238,8.2,375,4.09,9.3,17,97.03059143439837,0.418,17,67,9.3
Centre-Est,2006,0,0,0,1.018026681,0.229933238,8.2,375,4.09,9.3,17,97.03059143439837,0.418,17,67,9.3
Centre-Est,2007,0,0,0,1.018026681,0.229933238,8.2,375,4.09,9.3,17,97.03059143439837,0.418,17,67,9.3
Centre-Est,2008,0,0,0,1.018026681,0.229933238,8.2,375,4.09,9.3,17,97.03059143439837,0.418,17,67,9.3
Centre-Est,2009,0,0,0,1.018026681,0.229933238,8.2,375,4.09,9.3,17,97.03059143439837,0.418,17,67,9.3
Centre-Est,2010,0,0,0,1.018026681,0.229933238,8.2,375,4.09,9.3,17,97.03059143439837,0.418,17,67,9.3
Centre-Est,2011,6,0,0,1.018026681,0.229933238,8.2,375,4.09,9.3,17,97.03059143439837,0.418,17,67,9.3
Centre-Est,2012,4,7,0,1.018026681,0.229933238,8.2,375,4.09,9.3,17,97.03059143439837,0.418,17,67,9.3
Centre-Est,2013,2,4,0,1.018026681,0.229933238,8.2,375,4.09,9.3,17,97.03059143439837,0.418,17,67,9.3
Centre-Est,2014,6,1,0,1.018026681,0.229933238,8.2,375,4.09,9.3,17,97.03059143439837,0.418,17,67,9.3
Centre-Est,2015,5,0,1,1.018026681,0.229933238,8.2,375,4.09,9.3,17,97.03059143439837,0.418,17,67,17
Centre-Est,2016,7,2,1,1.018026681,0.229933238,8.2,375,4.09,9.3,17,97.03059143439837,0.418,17,67,17
Centre-Est,2017,11,3,1,1.018026681,0.229933238,8.2,375,4.09,9.3,17,97.03059143439837,0.418,17,67,17
Centre-Est,2018,11,2,1,1.018026681,0.229933238,8.2,375,4.09,9.3,17,97.03059143439837,0.418,17,67,17
Centre-Est,2019,23,31,1,1.018026681,0.229933238,8.2,375,4.09,9.3,17,97.03059143439837,0.418,17,67,17
Centre-Est,2020,9,6,1,1.018026681,0.229933238,8.2,375,4.09,9.3,17,97.03059143439837,0.418,17,67,17
Centre-Est,2021,23,12,1,1.018026681,0.229933238,8.2,375,4.09,9.3,17,97.03059143439837,0.418,17,67,17
Centre-Est,2022,151,181,1,1.018026681,0.229933238,8.2,375,4.09,9.3,17,97.03059143439837,0.418,17,67,17
Centre-Est,2023,206,838,1,1.018026681,0.229933238,8.2,375,4.09,9.3,17,97.03059143439837,0.418,17,67,17
Centre-Est,2024,164,622,1,1.018026681,0.229933238,8.2,375,4.09,9.3,17,97.03059143439837,0.418,17,67,17
Centre-Est,2025,119,330,1,1.018026681,0.229933238,8.2,375,4.09,9.3,17,97.03059143439837,0.418,17,67,17
Centre-Nord,2000,0,0,0,0.082535558,0.195816293,8.9,1182,17.88,35.9,113,74.0816179990426,0.383,13,645,35.9
Centre-Nord,2001,0,0,0,0.082535558,0.195816293,8.9,1182,17.88,35.9,113,74.0816179990426,0.383,13,645,35.9
Centre-Nord,2002,2,42,0,0.082535558,0.195816293,8.9,1182,17.88,35.9,113,74.0816179990426,0.383,13,645,35.9
Centre-Nord,2003,0,0,0,0.082535558,0.195816293,8.9,1182,17.88,35.9,113,74.0816179990426,0.383,13,645,35.9
Centre-Nord,2004,0,0,0,0.082535558,0.195816293,8.9,1182,17.88,35.9,113,74.0816179990426,0.383,13,645,35.9
Centre-Nord,2005,0,0,0,0.082535558,0.195816293,8.9,1182,17.88,35.9,113,74.0816179990426,0.383,13,645,35.9
Centre-Nord,2006,1,1,0,0.082535558,0.195816293,8.9,1182,17.88,35.9,113,74.0816179990426,0.383,13,645,35.9
Centre-Nord,2007,0,0,0,0.082535558,0.195816293,8.9,1182,17.88,35.9,113,74.0816179990426,0.383,13,645,35.9
Centre-Nord,2008,0,0,0,0.082535558,0.195816293,8.9,1182,17.88,35.9,113,74.0816179990426,0.383,13,645,35.9
Centre-Nord,2009,0,0,0,0.082535558,0.195816293,8.9,1182,17.88,35.9,113,74.0816179990426,0.383,13,645,35.9
Centre-Nord,2010,0,0,0,0.082535558,0.195816293,8.9,1182,17.88,35.9,113,74.0816179990426,0.383,13,645,35.9
Centre-Nord,2011,8,0,0,0.082535558,0.195816293,8.9,1182,17.88,35.9,113,74.0816179990426,0.383,13,645,35.9
Centre-Nord,2012,5,0,0,0.082535558,0.195816293,8.9,1182,17.88,35.9,113,74.0816179990426,0.383,13,645,35.9
Centre-Nord,2013,1,0,0,0.082535558,0.195816293,8.9,1182,17.88,35.9,113,74.0816179990426,0.383,13,645,35.9
Centre-Nord,2014,6,1,0,0.082535558,0.195816293,8.9,1182,17.88,35.9,113,74.0816179990426,0.383,13,645,35.9
Centre-Nord,2015,2,0,1,0.082535558,0.195816293,8.9,1182,17.88,35.9,113,74.0816179990426,0.383,13,645,113
Centre-Nord,2016,8,1,1,0.082535558,0.195816293,8.9,1182,17.88,35.9,113,74.0816179990426,0.383,13,645,113
Centre-Nord,2017,6,0,1,0.082535558,0.195816293,8.9,1182,17.88,35.9,113,74.0816179990426,0.383,13,645,113
Centre-Nord,2018,14,1,1,0.082535558,0.195816293,8.9,1182,17.88,35.9,113,74.0816179990426,0.383,13,645,113
Centre-Nord,2019,140,421,1,0.082535558,0.195816293,8.9,1182,17.88,35.9,113,74.0816179990426,0.383,13,645,113
Centre-Nord,2020,91,269,1,0.082535558,0.195816293,8.9,1182,17.88,35.9,113,74.0816179990426,0.383,13,645,113
Centre-Nord,2021,226,228,1,0.082535558,0.195816293,8.9,1182,17.88,35.9,113,74.0816179990426,0.383,13,645,113
Centre-Nord,2022,444,826,1,0.082535558,0.195816293,8.9,1182,17.88,35.9,113,74.0816179990426,0.383,13,645,113
Centre-Nord,2023,353,1448,1,0.082535558,0.195816293,8.9,1182,17.88,35.9,113,74.0816179990426,0.383,13,645,113
Centre-Nord,2024,226,1281,1,0.082535558,0.195816293,8.9,1182,17.88,35.9,113,74.0816179990426,0.383,13,645,113
Centre-Nord,2025,129,260,1,0.082535558,0.195816293,8.9,1182,17.88,35.9,113,74.0816179990426,0.383,13,645,113
Centre-Ouest,2000,2,0,0,1.050997326,0.156961514,4.4,67,1.62,4.3,14,67.61327441774831,0.428,4,31,4.3
Centre-Ouest,2001,0,0,0,1.050997326,0.156961514,4.4,67,1.62,4.3,14,67.61327441774831,0.428,4,31,4.3
Centre-Ouest,2002,0,0,0,1.050997326,0.156961514,4.4,67,1.62,4.3,14,67.61327441774831,0.428,4,31,4.3
Centre-Ouest,2003,0,0,0,1.050997326,0.156961514,4.4,67,1.62,4.3,14,67.61327441774831,0.428,4,31,4.3
Centre-Ouest,2004,0,0,0,1.050997326,0.156961514,4.4,67,1.62,4.3,14,67.61327441774831,0.428,4,31,4.3
Centre-Ouest,2005,0,0,0,1.050997326,0.156961514,4.4,67,1.62,4.3,14,67.61327441774831,0.428,4,31,4.3
Centre-Ouest,2006,0,0,0,1.050997326,0.156961514,4.4,67,1.62,4.3,14,67.61327441774831,0.428,4,31,4.3
Centre-Ouest,2007,0,0,0,1.050997326,0.156961514,4.4,67,1.62,4.3,14,67.61327441774831,0.428,4,31,4.3
Centre-Ouest,2008,0,0,0,1.050997326,0.156961514,4.4,67,1.62,4.3,14,67.61327441774831,0.428,4,31,4.3
Centre-Ouest,2009,0,0,0,1.050997326,0.156961514,4.4,67,1.62,4.3,14,67.61327441774831,0.428,4,31,4.3
Centre-Ouest,2010,0,0,0,1.050997326,0.156961514,4.4,67,1.62,4.3,14,67.61327441774831,0.428,4,31,4.3
Centre-Ouest,2011,17,5,0,1.050997326,0.156961514,4.4,67,1.62,4.3,14,67.61327441774831,0.428,4,31,4.3
Centre-Ouest,2012,9,0,0,1.050997326,0.156961514,4.4,67,1.62,4.3,14,67.61327441774831,0.428,4,31,4.3
Centre-Ouest,2013,2,0,0,1.050997326,0.156961514,4.4,67,1.62,4.3,14,67.61327441774831,0.428,4,31,4.3
Centre-Ouest,2014,1,0,0,1.050997326,0.156961514,4.4,67,1.62,4.3,14,67.61327441774831,0.428,4,31,4.3
Centre-Ouest,2015,4,0,1,1.050997326,0.156961514,4.4,67,1.62,4.3,14,67.61327441774831,0.428,4,31,14
Centre-Ouest,2016,8,6,1,1.050997326,0.156961514,4.4,67,1.62,4.3,14,67.61327441774831,0.428,4,31,14
Centre-Ouest,2017,9,10,1,1.050997326,0.156961514,4.4,67,1.62,4.3,14,67.61327441774831,0.428,4,31,14
Centre-Ouest,2018,6,1,1,1.050997326,0.156961514,4.4,67,1.62,4.3,14,67.61327441774831,0.428,4,31,14
Centre-Ouest,2019,7,3,1,1.050997326,0.156961514,4.4,67,1.62,4.3,14,67.61327441774831,0.428,4,31,14
Centre-Ouest,2020,8,1,1,1.050997326,0.156961514,4.4,67,1.62,4.3,14,67.61327441774831,0.428,4,31,14
Centre-Ouest,2021,13,2,1,1.050997326,0.156961514,4.4,67,1.62,4.3,14,67.61327441774831,0.428,4,31,14
Centre-Ouest,2022,29,7,1,1.050997326,0.156961514,4.4,67,1.62,4.3,14,67.61327441774831,0.428,4,31,14
Centre-Ouest,2023,52,116,1,1.050997326,0.156961514,4.4,67,1.62,4.3,14,67.61327441774831,0.428,4,31,14
Centre-Ouest,2024,17,44,1,1.050997326,0.156961514,4.4,67,1.62,4.3,14,67.61327441774831,0.428,4,31,14
Centre-Ouest,2025,7,0,1,1.050997326,0.156961514,4.4,67,1.62,4.3,14,67.61327441774831,0.428,4,31,14
Centre-Sud,2000,0,0,0,1.027597978,0.174267202,6,29,2.5,3.5,5,68.3800296761805,0.432,7,26,3.5
Centre-Sud,2001,0,0,0,1.027597978,0.174267202,6,29,2.5,3.5,5,68.3800296761805,0.432,7,26,3.5
Centre-Sud,2002,0,0,0,1.027597978,0.174267202,6,29,2.5,3.5,5,68.3800296761805,0.432,7,26,3.5
Centre-Sud,2003,0,0,0,1.027597978,0.174267202,6,29,2.5,3.5,5,68.3800296761805,0.432,7,26,3.5
Centre-Sud,2004,0,0,0,1.027597978,0.174267202,6,29,2.5,3.5,5,68.3800296761805,0.432,7,26,3.5
Centre-Sud,2005,0,0,0,1.027597978,0.174267202,6,29,2.5,3.5,5,68.3800296761805,0.432,7,26,3.5
Centre-Sud,2006,0,0,0,1.027597978,0.174267202,6,29,2.5,3.5,5,68.3800296761805,0.432,7,26,3.5
Centre-Sud,2007,0,0,0,1.027597978,0.174267202,6,29,2.5,3.5,5,68.3800296761805,0.432,7,26,3.5
Centre-Sud,2008,0,0,0,1.027597978,0.174267202,6,29,2.5,3.5,5,68.3800296761805,0.432,7,26,3.5
Centre-Sud,2009,0,0,0,1.027597978,0.174267202,6,29,2.5,3.5,5,68.3800296761805,0.432,7,26,3.5
Centre-Sud,2010,0,0,0,1.027597978,0.174267202,6,29,2.5,3.5,5,68.3800296761805,0.432,7,26,3.5
Centre-Sud,2011,13,0,0,1.027597978,0.174267202,6,29,2.5,3.5,5,68.3800296761805,0.432,7,26,3.5
Centre-Sud,2012,1,10,0,1.027597978,0.174267202,6,29,2.5,3.5,5,68.3800296761805,0.432,7,26,3.5
Centre-Sud,2013,1,0,0,1.027597978,0.174267202,6,29,2.5,3.5,5,68.3800296761805,0.432,7,26,3.5
Centre-Sud,2014,3,5,0,1.027597978,0.174267202,6,29,2.5,3.5,5,68.3800296761805,0.432,7,26,3.5
Centre-Sud,2015,0,0,1,1.027597978,0.174267202,6,29,2.5,3.5,5,68.3800296761805,0.432,7,26,5
Centre-Sud,2016,1,2,1,1.027597978,0.174267202,6,29,2.5,3.5,5,68.3800296761805,0.432,7,26,5
Centre-Sud,2017,6,0,1,1.027597978,0.174267202,6,29,2.5,3.5,5,68.3800296761805,0.432,7,26,5
Centre-Sud,2018,3,0,1,1.027597978,0.174267202,6,29,2.5,3.5,5,68.3800296761805,0.432,7,26,5
Centre-Sud,2019,9,19,1,1.027597978,0.174267202,6,29,2.5,3.5,5,68.3800296761805,0.432,7,26,5
Centre-Sud,2020,1,0,1,1.027597978,0.174267202,6,29,2.5,3.5,5,68.3800296761805,0.432,7,26,5
Centre-Sud,2021,13,6,1,1.027597978,0.174267202,6,29,2.5,3.5,5,68.3800296761805,0.432,7,26,5
Centre-Sud,2022,13,3,1,1.027597978,0.174267202,6,29,2.5,3.5,5,68.3800296761805,0.432,7,26,5
Centre-Sud,2023,17,31,1,1.027597978,0.174267202,6,29,2.5,3.5,5,68.3800296761805,0.432,7,26,5
Centre-Sud,2024,4,0,1,1.027597978,0.174267202,6,29,2.5,3.5,5,68.3800296761805,0.432,7,26,5
Centre-Sud,2025,1,0,1,1.027597978,0.174267202,6,29,2.5,3.5,5,68.3800296761805,0.432,7,26,5
Est,2000,0,0,0,0.678658791,0.122762712,5.7,1649,16.38,18.5,53,33.497794149141214,0.332,10,1035,18.5
Est,2001,0,0,0,0.678658791,0.122762712,5.7,1649,16.38,18.5,53,33.497794149141214,0.332,10,1035,18.5
Est,2002,0,0,0,0.678658791,0.122762712,5.7,1649,16.38,18.5,53,33.497794149141214,0.332,10,1035,18.5
Est,2003,0,0,0,0.678658791,0.122762712,5.7,1649,16.38,18.5,53,33.497794149141214,0.332,10,1035,18.5
Est,2004,1,8,0,0.678658791,0.122762712,5.7,1649,16.38,18.5,53,33.497794149141214,0.332,10,1035,18.5
Est,2005,0,0,0,0.678658791,0.122762712,5.7,1649,16.38,18.5,53,33.497794149141214,0.332,10,1035,18.5
Est,2006,0,0,0,0.678658791,0.122762712,5.7,1649,16.38,18.5,53,33.497794149141214,0.332,10,1035,18.5
Est,2007,0,0,0,0.678658791,0.122762712,5.7,1649,16.38,18.5,53,33.497794149141214,0.332,10,1035,18.5
Est,2008,0,0,0,0.678658791,0.122762712,5.7,1649,16.38,18.5,53,33.497794149141214,0.332,10,1035,18.5
Est,2009,0,0,0,0.678658791,0.122762712,5.7,1649,16.38,18.5,53,33.497794149141214,0.332,10,1035,18.5
Est,2010,0,0,0,0.678658791,0.122762712,5.7,1649,16.38,18.5,53,33.497794149141214,0.332,10,1035,18.5
Est,2011,6,0,0,0.678658791,0.122762712,5.7,1649,16.38,18.5,53,33.497794149141214,0.332,10,1035,18.5
Est,2012,5,1,0,0.678658791,0.122762712,5.7,1649,16.38,18.5,53,33.497794149141214,0.332,10,1035,18.5
Est,2013,0,0,0,0.678658791,0.122762712,5.7,1649,16.38,18.5,53,33.497794149141214,0.332,10,1035,18.5
Est,2014,5,1,0,0.678658791,0.122762712,5.7,1649,16.38,18.5,53,33.497794149141214,0.332,10,1035,18.5
Est,2015,1,0,1,0.678658791,0.122762712,5.7,1649,16.38,18.5,53,33.497794149141214,0.332,10,1035,53
Est,2016,9,1,1,0.678658791,0.122762712,5.7,1649,16.38,18.5,53,33.497794149141214,0.332,10,1035,53
Est,2017,14,1,1,0.678658791,0.122762712,5.7,1649,16.38,18.5,53,33.497794149141214,0.332,10,1035,53
Est,2018,84,67,1,0.678658791,0.122762712,5.7,1649,16.38,18.5,53,33.497794149141214,0.332,10,1035,53
Est,2019,127,290,1,0.678658791,0.122762712,5.7,1649,16.38,18.5,53,33.497794149141214,0.332,10,1035,53
Est,2020,189,261,1,0.678658791,0.122762712,5.7,1649,16.38,18.5,53,33.497794149141214,0.332,10,1035,53
Est,2021,437,345,1,0.678658791,0.122762712,5.7,1649,16.38,18.5,53,33.497794149141214,0.332,10,1035,53
Est,2022,643,668,1,0.678658791,0.122762712,5.7,1649,16.38,18.5,53,33.497794149141214,0.332,10,1035,53
Est,2023,413,1475,1,0.678658791,0.122762712,5.7,1649,16.38,18.5,53,33.497794149141214,0.332,10,1035,53
Est,2024,345,1894,1,0.678658791,0.122762712,5.7,1649,16.38,18.5,53,33.497794149141214,0.332,10,1035,53
Est,2025,192,860,1,0.678658791,0.122762712,5.7,1649,16.38,18.5,53,33.497794149141214,0.332,10,1035,53
Hauts-Bassins,2000,0,0,0,1.501885217,0.09044017,5.7,156,8.64,7.9,34,74.50688802543272,0.468,4,48,7.9
Hauts-Bassins,2001,0,0,0,1.501885217,0.09044017,5.7,156,8.64,7.9,34,74.50688802543272,0.468,4,48,7.9
Hauts-Bassins,2002,1,21,0,1.501885217,0.09044017,5.7,156,8.64,7.9,34,74.50688802543272,0.468,4,48,7.9
Hauts-Bassins,2003,0,0,0,1.501885217,0.09044017,5.7,156,8.64,7.9,34,74.50688802543272,0.468,4,48,7.9
Hauts-Bassins,2004,0,0,0,1.501885217,0.09044017,5.7,156,8.64,7.9,34,74.50688802543272,0.468,4,48,7.9
Hauts-Bassins,2005,0,0,0,1.501885217,0.09044017,5.7,156,8.64,7.9,34,74.50688802543272,0.468,4,48,7.9
Hauts-Bassins,2006,0,0,0,1.501885217,0.09044017,5.7,156,8.64,7.9,34,74.50688802543272,0.468,4,48,7.9
Hauts-Bassins,2007,0,0,0,1.501885217,0.09044017,5.7,156,8.64,7.9,34,74.50688802543272,0.468,4,48,7.9
Hauts-Bassins,2008,2,0,0,1.501885217,0.09044017,5.7,156,8.64,7.9,34,74.50688802543272,0.468,4,48,7.9
Hauts-Bassins,2009,0,0,0,1.501885217,0.09044017,5.7,156,8.64,7.9,34,74.50688802543272,0.468,4,48,7.9
Hauts-Bassins,2010,0,0,0,1.501885217,0.09044017,5.7,156,8.64,7.9,34,74.50688802543272,0.468,4,48,7.9
Hauts-Bassins,2011,12,1,0,1.501885217,0.09044017,5.7,156,8.64,7.9,34,74.50688802543272,0.468,4,48,7.9
Hauts-Bassins,2012,5,0,0,1.501885217,0.09044017,5.7,156,8.64,7.9,34,74.50688802543272,0.468,4,48,7.9
Hauts-Bassins,2013,0,0,0,1.501885217,0.09044017,5.7,156,8.64,7.9,34,74.50688802543272,0.468,4,48,7.9
Hauts-Bassins,2014,19,2,0,1.501885217,0.09044017,5.7,156,8.64,7.9,34,74.50688802543272,0.468,4,48,7.9
Hauts-Bassins,2015,14,5,1,1.501885217,0.09044017,5.7,156,8.64,7.9,34,74.50688802543272,0.468,4,48,34
Hauts-Bassins,2016,2,2,1,1.501885217,0.09044017,5.7,156,8.64,7.9,34,74.50688802543272,0.468,4,48,34
Hauts-Bassins,2017,6,0,1,1.501885217,0.09044017,5.7,156,8.64,7.9,34,74.50688802543272,0.468,4,48,34
Hauts-Bassins,2018,24,7,1,1.501885217,0.09044017,5.7,156,8.64,7.9,34,74.50688802543272,0.468,4,48,34
Hauts-Bassins,2019,30,6,1,1.501885217,0.09044017,5.7,156,8.64,7.9,34,74.50688802543272,0.468,4,48,34
Hauts-Bassins,2020,20,3,1,1.501885217,0.09044017,5.7,156,8.64,7.9,34,74.50688802543272,0.468,4,48,34
Hauts-Bassins,2021,20,5,1,1.501885217,0.09044017,5.7,156,8.64,7.9,34,74.50688802543272,0.468,4,48,34
Hauts-Bassins,2022,93,52,1,1.501885217,0.09044017,5.7,156,8.64,7.9,34,74.50688802543272,0.468,4,48,34
Hauts-Bassins,2023,127,351,1,1.501885217,0.09044017,5.7,156,8.64,7.9,34,74.50688802543272,0.468,4,48,34
Hauts-Bassins,2024,69,144,1,1.501885217,0.09044017,5.7,156,8.64,7.9,34,74.50688802543272,0.468,4,48,34
Hauts-Bassins,2025,20,53,1,1.501885217,0.09044017,5.7,156,8.64,7.9,34,74.50688802543272,0.468,4,48,34
Nord,2000,0,0,0,0.14551292,0.204260453,11.9,856,10.46,17.4,61,73.6171974522293,0.412,8,424,17.4
Nord,2001,0,0,0,0.14551292,0.204260453,11.9,856,10.46,17.4,61,73.6171974522293,0.412,8,424,17.4
Nord,2002,1,22,0,0.14551292,0.204260453,11.9,856,10.46,17.4,61,73.6171974522293,0.412,8,424,17.4
Nord,2003,0,0,0,0.14551292,0.204260453,11.9,856,10.46,17.4,61,73.6171974522293,0.412,8,424,17.4
Nord,2004,0,0,0,0.14551292,0.204260453,11.9,856,10.46,17.4,61,73.6171974522293,0.412,8,424,17.4
Nord,2005,0,0,0,0.14551292,0.204260453,11.9,856,10.46,17.4,61,73.6171974522293,0.412,8,424,17.4
Nord,2006,0,0,0,0.14551292,0.204260453,11.9,856,10.46,17.4,61,73.6171974522293,0.412,8,424,17.4
Nord,2007,0,0,0,0.14551292,0.204260453,11.9,856,10.46,17.4,61,73.6171974522293,0.412,8,424,17.4
Nord,2008,0,0,0,0.14551292,0.204260453,11.9,856,10.46,17.4,61,73.6171974522293,0.412,8,424,17.4
Nord,2009,0,0,0,0.14551292,0.204260453,11.9,856,10.46,17.4,61,73.6171974522293,0.412,8,424,17.4
Nord,2010,0,0,0,0.14551292,0.204260453,11.9,856,10.46,17.4,61,73.6171974522293,0.412,8,424,17.4
Nord,2011,12,0,0,0.14551292,0.204260453,11.9,856,10.46,17.4,61,73.6171974522293,0.412,8,424,17.4
Nord,2012,7,9,0,0.14551292,0.204260453,11.9,856,10.46,17.4,61,73.6171974522293,0.412,8,424,17.4
Nord,2013,2,0,0,0.14551292,0.204260453,11.9,856,10.46,17.4,61,73.6171974522293,0.412,8,424,17.4
Nord,2014,1,3,0,0.14551292,0.204260453,11.9,856,10.46,17.4,61,73.6171974522293,0.412,8,424,17.4
Nord,2015,10,0,1,0.14551292,0.204260453,11.9,856,10.46,17.4,61,73.6171974522293,0.412,8,424,61
Nord,2016,2,0,1,0.14551292,0.204260453,11.9,856,10.46,17.4,61,73.6171974522293,0.412,8,424,61
Nord,2017,8,4,1,0.14551292,0.204260453,11.9,856,10.46,17.4,61,73.6171974522293,0.412,8,424,61
Nord,2018,29,8,1,0.14551292,0.204260453,11.9,856,10.46,17.4,61,73.6171974522293,0.412,8,424,61
Nord,2019,78,285,1,0.14551292,0.204260453,11.9,856,10.46,17.4,61,73.6171974522293,0.412,8,424,61
Nord,2020,72,217,1,0.14551292,0.204260453,11.9,856,10.46,17.4,61,73.6171974522293,0.412,8,424,61
Nord,2021,211,250,1,0.14551292,0.204260453,11.9,856,10.46,17.4,61,73.6171974522293,0.412,8,424,61
Nord,2022,296,240,1,0.14551292,0.204260453,11.9,856,10.46,17.4,61,73.6171974522293,0.412,8,424,61
Nord,2023,284,1126,1,0.14551292,0.204260453,11.9,856,10.46,17.4,61,73.6171974522293,0.412,8,424,61
Nord,2024,128,711,1,0.14551292,0.204260453,11.9,856,10.46,17.4,61,73.6171974522293,0.412,8,424,61
Nord,2025,91,302,1,0.14551292,0.204260453,11.9,856,10.46,17.4,61,73.6171974522293,0.412,8,424,61
Plateau-Central,2000,2,1,0,0.319024034,0.217259871,9.3,3,2.81,2.7,12,99.0744915746659,0.416,4,9,2.7
Plateau-Central,2001,0,0,0,0.319024034,0.217259871,9.3,3,2.81,2.7,12,99.0744915746659,0.416,4,9,2.7
Plateau-Central,2002,0,0,0,0.319024034,0.217259871,9.3,3,2.81,2.7,12,99.0744915746659,0.416,4,9,2.7
Plateau-Central,2003,0,0,0,0.319024034,0.217259871,9.3,3,2.81,2.7,12,99.0744915746659,0.416,4,9,2.7
Plateau-Central,2004,0,0,0,0.319024034,0.217259871,9.3,3,2.81,2.7,12,99.0744915746659,0.416,4,9,2.7
Plateau-Central,2005,0,0,0,0.319024034,0.217259871,9.3,3,2.81,2.7,12,99.0744915746659,0.416,4,9,2.7
Plateau-Central,2006,1,1,0,0.319024034,0.217259871,9.3,3,2.81,2.7,12,99.0744915746659,0.416,4,9,2.7
Plateau-Central,2007,0,0,0,0.319024034,0.217259871,9.3,3,2.81,2.7,12,99.0744915746659,0.416,4,9,2.7
Plateau-Central,2008,0,0,0,0.319024034,0.217259871,9.3,3,2.81,2.7,12,99.0744915746659,0.416,4,9,2.7
Plateau-Central,2009,0,0,0,0.319024034,0.217259871,9.3,3,2.81,2.7,12,99.0744915746659,0.416,4,9,2.7
Plateau-Central,2010,0,0,0,0.319024034,0.217259871,9.3,3,2.81,2.7,12,99.0744915746659,0.416,4,9,2.7
Plateau-Central,2011,4,0,0,0.319024034,0.217259871,9.3,3,2.81,2.7,12,99.0744915746659,0.416,4,9,2.7
Plateau-Central,2012,2,0,0,0.319024034,0.217259871,9.3,3,2.81,2.7,12,99.0744915746659,0.416,4,9,2.7
Plateau-Central,2013,1,0,0,0.319024034,0.217259871,9.3,3,2.81,2.7,12,99.0744915746659,0.416,4,9,2.7
Plateau-Central,2014,0,0,0,0.319024034,0.217259871,9.3,3,2.81,2.7,12,99.0744915746659,0.416,4,9,2.7
Plateau-Central,2015,2,1,1,0.319024034,0.217259871,9.3,3,2.81,2.7,12,99.0744915746659,0.416,4,9,12
Plateau-Central,2016,2,1,1,0.319024034,0.217259871,9.3,3,2.81,2.7,12,99.0744915746659,0.416,4,9,12
Plateau-Central,2017,2,0,1,0.319024034,0.217259871,9.3,3,2.81,2.7,12,99.0744915746659,0.416,4,9,12
Plateau-Central,2018,7,0,1,0.319024034,0.217259871,9.3,3,2.81,2.7,12,99.0744915746659,0.416,4,9,12
Plateau-Central,2019,8,2,1,0.319024034,0.217259871,9.3,3,2.81,2.7,12,99.0744915746659,0.416,4,9,12
Plateau-Central,2020,2,0,1,0.319024034,0.217259871,9.3,3,2.81,2.7,12,99.0744915746659,0.416,4,9,12
Plateau-Central,2021,3,0,1,0.319024034,0.217259871,9.3,3,2.81,2.7,12,99.0744915746659,0.416,4,9,12
Plateau-Central,2022,3,0,1,0.319024034,0.217259871,9.3,3,2.81,2.7,12,99.0744915746659,0.416,4,9,12
Plateau-Central,2023,1,0,1,0.319024034,0.217259871,9.3,3,2.81,2.7,12,99.0744915746659,0.416,4,9,12
Plateau-Central,2024,3,1,1,0.319024034,0.217259871,9.3,3,2.81,2.7,12,99.0744915746659,0.416,4,9,12
Plateau-Central,2025,2,0,1,0.319024034,0.217259871,9.3,3,2.81,2.7,12,99.0744915746659,0.416,4,9,12
Sahel,2000,0,0,0,0.061130911,0.275404925,17.1,2395,5.48,7,34,34.108250843333515,0.268,2,2114,7
Sahel,2001,0,0,0,0.061130911,0.275404925,17.1,2395,5.48,7,34,34.108250843333515,0.268,2,2114,7
Sahel,2002,0,0,0,0.061130911,0.275404925,17.1,2395,5.48,7,34,34.108250843333515,0.268,2,2114,7
Sahel,2003,0,0,0,0.061130911,0.275404925,17.1,2395,5.48,7,34,34.108250843333515,0.268,2,2114,7
Sahel,2004,0,0,0,0.061130911,0.275404925,17.1,2395,5.48,7,34,34.108250843333515,0.268,2,2114,7
Sahel,2005,0,0,0,0.061130911,0.275404925,17.1,2395,5.48,7,34,34.108250843333515,0.268,2,2114,7
Sahel,2006,0,0,0,0.061130911,0.275404925,17.1,2395,5.48,7,34,34.108250843333515,0.268,2,2114,7
Sahel,2007,0,0,0,0.061130911,0.275404925,17.1,2395,5.48,7,34,34.108250843333515,0.268,2,2114,7
Sahel,2008,0,0,0,0.061130911,0.275404925,17.1,2395,5.48,7,34,34.108250843333515,0.268,2,2114,7
Sahel,2009,0,0,0,0.061130911,0.275404925,17.1,2395,5.48,7,34,34.108250843333515,0.268,2,2114,7
Sahel,2010,0,0,0,0.061130911,0.275404925,17.1,2395,5.48,7,34,34.108250843333515,0.268,2,2114,7
Sahel,2011,4,0,0,0.061130911,0.275404925,17.1,2395,5.48,7,34,34.108250843333515,0.268,2,2114,7
Sahel,2012,1,1,0,0.061130911,0.275404925,17.1,2395,5.48,7,34,34.108250843333515,0.268,2,2114,7
Sahel,2013,0,0,0,0.061130911,0.275404925,17.1,2395,5.48,7,34,34.108250843333515,0.268,2,2114,7
Sahel,2014,4,0,0,0.061130911,0.275404925,17.1,2395,5.48,7,34,34.108250843333515,0.268,2,2114,7
Sahel,2015,5,3,1,0.061130911,0.275404925,17.1,2395,5.48,7,34,34.108250843333515,0.268,2,2114,34
Sahel,2016,17,32,1,0.061130911,0.275404925,17.1,2395,5.48,7,34,34.108250843333515,0.268,2,2114,34
Sahel,2017,82,71,1,0.061130911,0.275404925,17.1,2395,5.48,7,34,34.108250843333515,0.268,2,2114,34
Sahel,2018,130,173,1,0.061130911,0.275404925,17.1,2395,5.48,7,34,34.108250843333515,0.268,2,2114,34
Sahel,2019,303,1051,1,0.061130911,0.275404925,17.1,2395,5.48,7,34,34.108250843333515,0.268,2,2114,34
Sahel,2020,356,1384,1,0.061130911,0.275404925,17.1,2395,5.48,7,34,34.108250843333515,0.268,2,2114,34
Sahel,2021,620,1338,1,0.061130911,0.275404925,17.1,2395,5.48,7,34,34.108250843333515,0.268,2,2114,34
Sahel,2022,569,1719,1,0.061130911,0.275404925,17.1,2395,5.48,7,34,34.108250843333515,0.268,2,2114,34
Sahel,2023,461,1839,1,0.061130911,0.275404925,17.1,2395,5.48,7,34,34.108250843333515,0.268,2,2114,34
Sahel,2024,332,1265,1,0.061130911,0.275404925,17.1,2395,5.48,7,34,34.108250843333515,0.268,2,2114,34
Sahel,2025,203,759,1,0.061130911,0.275404925,17.1,2395,5.48,7,34,34.108250843333515,0.268,2,2114,34
Sud-Ouest,2000,0,0,0,1.101132308,0.049950325,3.1,106,17.44,16.7,61,47.393185439392084,0.346,10,68,16.7
Sud-Ouest,2001,0,0,0,1.101132308,0.049950325,3.1,106,17.44,16.7,61,47.393185439392084,0.346,10,68,16.7
Sud-Ouest,2002,0,0,0,1.101132308,0.049950325,3.1,106,17.44,16.7,61,47.393185439392084,0.346,10,68,16.7
Sud-Ouest,2003,0,0,0,1.101132308,0.049950325,3.1,106,17.44,16.7,61,47.393185439392084,0.346,10,68,16.7
Sud-Ouest,2004,0,0,0,1.101132308,0.049950325,3.1,106,17.44,16.7,61,47.393185439392084,0.346,10,68,16.7
Sud-Ouest,2005,0,0,0,1.101132308,0.049950325,3.1,106,17.44,16.7,61,47.393185439392084,0.346,10,68,16.7
Sud-Ouest,2006,0,0,0,1.101132308,0.049950325,3.1,106,17.44,16.7,61,47.393185439392084,0.346,10,68,16.7
Sud-Ouest,2007,0,0,0,1.101132308,0.049950325,3.1,106,17.44,16.7,61,47.393185439392084,0.346,10,68,16.7
Sud-Ouest,2008,6,14,0,1.101132308,0.049950325,3.1,106,17.44,16.7,61,47.393185439392084,0.346,10,68,16.7
Sud-Ouest,2009,0,0,0,1.101132308,0.049950325,3.1,106,17.44,16.7,61,47.393185439392084,0.346,10,68,16.7
Sud-Ouest,2010,1,1,0,1.101132308,0.049950325,3.1,106,17.44,16.7,61,47.393185439392084,0.346,10,68,16.7
Sud-Ouest,2011,4,0,0,1.101132308,0.049950325,3.1,106,17.44,16.7,61,47.393185439392084,0.346,10,68,16.7
Sud-Ouest,2012,4,4,0,1.101132308,0.049950325,3.1,106,17.44,16.7,61,47.393185439392084,0.346,10,68,16.7
Sud-Ouest,2013,3,0,0,1.101132308,0.049950325,3.1,106,17.44,16.7,61,47.393185439392084,0.346,10,68,16.7
Sud-Ouest,2014,3,0,0,1.101132308,0.049950325,3.1,106,17.44,16.7,61,47.393185439392084,0.346,10,68,16.7
Sud-Ouest,2015,2,0,1,1.101132308,0.049950325,3.1,106,17.44,16.7,61,47.393185439392084,0.346,10,68,61
Sud-Ouest,2016,2,0,1,1.101132308,0.049950325,3.1,106,17.44,16.7,61,47.393185439392084,0.346,10,68,61
Sud-Ouest,2017,1,1,1,1.101132308,0.049950325,3.1,106,17.44,16.7,61,47.393185439392084,0.346,10,68,61
Sud-Ouest,2018,17,3,1,1.101132308,0.049950325,3.1,106,17.44,16.7,61,47.393185439392084,0.346,10,68,61
Sud-Ouest,2019,36,4,1,1.101132308,0.049950325,3.1,106,17.44,16.7,61,47.393185439392084,0.346,10,68,61
Sud-Ouest,2020,16,4,1,1.101132308,0.049950325,3.1,106,17.44,16.7,61,47.393185439392084,0.346,10,68,61
Sud-Ouest,2021,29,52,1,1.101132308,0.049950325,3.1,106,17.44,16.7,61,47.393185439392084,0.346,10,68,61
Sud-Ouest,2022,56,104,1,1.101132308,0.049950325,3.1,106,17.44,16.7,61,47.393185439392084,0.346,10,68,61
Sud-Ouest,2023,26,128,1,1.101132308,0.049950325,3.1,106,17.44,16.7,61,47.393185439392084,0.346,10,68,61
Sud-Ouest,2024,25,43,1,1.101132308,0.049950325,3.1,106,17.44,16.7,61,47.393185439392084,0.346,10,68,61
Sud-Ouest,2025,22,22,1,1.101132308,0.049950325,3.1,106,17.44,16.7,61,47.393185439392084,0.346,10,68,61
