admin1,year,country,dist_border_km,events,fatalities,post2015
Boucle du Mouhoun,2000,Burkina Faso,42.13039112181662,0,0,0
Boucle du Mouhoun,2001,Burkina Faso,42.13039112181662,0,0,0
Boucle du Mouhoun,2002,Burkina Faso,42.13039112181662,0,0,0
Boucle du Mouhoun,2003,Burkina Faso,42.13039112181662,0,0,0
Boucle du Mouhoun,2004,Burkina Faso,42.13039112181662,0,0,0
Boucle du Mouhoun,2005,Burkina Faso,42.13039112181662,0,0,0
Boucle du Mouhoun,2006,Burkina Faso,42.13039112181662,1,9,0
Boucle du Mouhoun,2007,Burkina Faso,42.13039112181662,0,0,0
Boucle du Mouhoun,2008,Burkina Faso,42.13039112181662,0,0,0
Boucle du Mouhoun,2009,Burkina Faso,42.13039112181662,0,0,0
Boucle du Mouhoun,2010,Burkina Faso,42.13039112181662,0,0,0
Boucle du Mouhoun,2011,Burkina Faso,42.13039112181662,5,2,0
Boucle du Mouhoun,2012,Burkina Faso,42.13039112181662,7,0,0
Boucle du Mouhoun,2013,Burkina Faso,42.13039112181662,3,0,0
Boucle du Mouhoun,2014,Burkina Faso,42.13039112181662,3,0,0
Boucle du Mouhoun,2015,Burkina Faso,42.13039112181662,1,0,1
Boucle du Mouhoun,2016,Burkina Faso,42.13039112181662,2,0,1
Boucle du Mouhoun,2017,Burkina Faso,42.13039112181662,9,6,1
Boucle du Mouhoun,2018,Burkina Faso,42.13039112181662,23,17,1
Boucle du Mouhoun,2019,Burkina Faso,42.13039112181662,44,71,1
Boucle du Mouhoun,2020,Burkina Faso,42.13039112181662,54,141,1
Boucle du Mouhoun,2021,Burkina Faso,42.13039112181662,154,59,1
Boucle du Mouhoun,2022,Burkina Faso,42.13039112181662,296,338,1
Boucle du Mouhoun,2023,Burkina Faso,42.13039112181662,299,915,1
Boucle du Mouhoun,2024,Burkina Faso,42.13039112181662,360,1276,1
Boucle du Mouhoun,2025,Burkina Faso,42.13039112181662,193,928,1
Cascades,2000,Burkina Faso,117.3541562806515,0,0,0
Cascades,2001,Burkina Faso,117.3541562806515,1,0,0
Cascades,2002,Burkina Faso,117.3541562806515,0,0,0
Cascades,2003,Burkina Faso,117.3541562806515,0,0,0
Cascades,2004,Burkina Faso,117.3541562806515,0,0,0
Cascades,2005,Burkina Faso,117.3541562806515,0,0,0
Cascades,2006,Burkina Faso,117.3541562806515,0,0,0
Cascades,2007,Burkina Faso,117.3541562806515,0,0,0
Cascades,2008,Burkina Faso,117.3541562806515,1,0,0
Cascades,2009,Burkina Faso,117.3541562806515,0,0,0
Cascades,2010,Burkina Faso,117.3541562806515,0,0,0
Cascades,2011,Burkina Faso,117.3541562806515,4,0,0
Cascades,2012,Burkina Faso,117.3541562806515,2,0,0
Cascades,2013,Burkina Faso,117.3541562806515,2,0,0
Cascades,2014,Burkina Faso,117.3541562806515,6,0,0
Cascades,2015,Burkina Faso,117.3541562806515,9,3,1
Cascades,2016,Burkina Faso,117.3541562806515,4,0,1
Cascades,2017,Burkina Faso,117.3541562806515,5,0,1
Cascades,2018,Burkina Faso,117.3541562806515,6,0,1
Cascades,2019,Burkina Faso,117.3541562806515,22,23,1
Cascades,2020,Burkina Faso,117.3541562806515,18,15,1
Cascades,2021,Burkina Faso,117.3541562806515,75,75,1
Cascades,2022,Burkina Faso,117.3541562806515,86,97,1
Cascades,2023,Burkina Faso,117.3541562806515,79,233,1
Cascades,2024,Burkina Faso,117.3541562806515,48,212,1
Cascades,2025,Burkina Faso,117.3541562806515,30,106,1
Centre,2000,Burkina Faso,204.58008413010128,18,0,0
Centre,2001,Burkina Faso,204.58008413010128,5,0,0
Centre,2002,Burkina Faso,204.58008413010128,2,21,0
Centre,2003,Burkina Faso,204.58008413010128,1,1,0
Centre,2004,Burkina Faso,204.58008413010128,1,0,0
Centre,2005,Burkina Faso,204.58008413010128,6,0,0
Centre,2006,Burkina Faso,204.58008413010128,5,5,0
Centre,2007,Burkina Faso,204.58008413010128,1,0,0
Centre,2008,Burkina Faso,204.58008413010128,3,0,0
Centre,2009,Burkina Faso,204.58008413010128,1,0,0
Centre,2010,Burkina Faso,204.58008413010128,4,0,0
Centre,2011,Burkina Faso,204.58008413010128,42,2,0
Centre,2012,Burkina Faso,204.58008413010128,16,0,0
Centre,2013,Burkina Faso,204.58008413010128,22,4,0
Centre,2014,Burkina Faso,204.58008413010128,66,23,0
Centre,2015,Burkina Faso,204.58008413010128,61,11,1
Centre,2016,Burkina Faso,204.58008413010128,40,34,1
Centre,2017,Burkina Faso,204.58008413010128,46,21,1
Centre,2018,Burkina Faso,204.58008413010128,48,24,1
Centre,2019,Burkina Faso,204.58008413010128,65,14,1
Centre,2020,Burkina Faso,204.58008413010128,41,3,1
Centre,2021,Burkina Faso,204.58008413010128,44,2,1
Centre,2022,Burkina Faso,204.58008413010128,77,11,1
Centre,2023,Burkina Faso,204.58008413010128,42,5,1
Centre,2024,Burkina Faso,204.58008413010128,26,0,1
Centre,2025,Burkina Faso,204.58008413010128,17,0,1
Centre-Est,2000,Burkina Faso,212.17802532172783,0,0,0
Centre-Est,2001,Burkina Faso,212.17802532172783,0,0,0
Centre-Est,2002,Burkina Faso,212.17802532172783,0,0,0
Centre-Est,2003,Burkina Faso,212.17802532172783,0,0,0
Centre-Est,2004,Burkina Faso,212.17802532172783,2,5,0
Centre-Est,2005,Burkina Faso,212.17802532172783,0,0,0
Centre-Est,2006,Burkina Faso,212.17802532172783,0,0,0
Centre-Est,2007,Burkina Faso,212.17802532172783,0,0,0
Centre-Est,2008,Burkina Faso,212.17802532172783,0,0,0
Centre-Est,2009,Burkina Faso,212.17802532172783,0,0,0
Centre-Est,2010,Burkina Faso,212.17802532172783,0,0,0
Centre-Est,2011,Burkina Faso,212.17802532172783,6,0,0
Centre-Est,2012,Burkina Faso,212.17802532172783,4,7,0
Centre-Est,2013,Burkina Faso,212.17802532172783,2,4,0
Centre-Est,2014,Burkina Faso,212.17802532172783,6,1,0
Centre-Est,2015,Burkina Faso,212.17802532172783,5,0,1
Centre-Est,2016,Burkina Faso,212.17802532172783,7,2,1
Centre-Est,2017,Burkina Faso,212.17802532172783,11,3,1
Centre-Est,2018,Burkina Faso,212.17802532172783,11,2,1
Centre-Est,2019,Burkina Faso,212.17802532172783,23,31,1
Centre-Est,2020,Burkina Faso,212.17802532172783,9,6,1
Centre-Est,2021,Burkina Faso,212.17802532172783,23,12,1
Centre-Est,2022,Burkina Faso,212.17802532172783,151,181,1
Centre-Est,2023,Burkina Faso,212.17802532172783,206,838,1
Centre-Est,2024,Burkina Faso,212.17802532172783,164,622,1
Centre-Est,2025,Burkina Faso,212.17802532172783,119,330,1
Centre-Nord,2000,Burkina Faso,122.67732616131876,0,0,0
Centre-Nord,2001,Burkina Faso,122.67732616131876,0,0,0
Centre-Nord,2002,Burkina Faso,122.67732616131876,2,42,0
Centre-Nord,2003,Burkina Faso,122.67732616131876,0,0,0
Centre-Nord,2004,Burkina Faso,122.67732616131876,0,0,0
Centre-Nord,2005,Burkina Faso,122.67732616131876,0,0,0
Centre-Nord,2006,Burkina Faso,122.67732616131876,1,1,0
Centre-Nord,2007,Burkina Faso,122.67732616131876,0,0,0
Centre-Nord,2008,Burkina Faso,122.67732616131876,0,0,0
Centre-Nord,2009,Burkina Faso,122.67732616131876,0,0,0
Centre-Nord,2010,Burkina Faso,122.67732616131876,0,0,0
Centre-Nord,2011,Burkina Faso,122.67732616131876,8,0,0
Centre-Nord,2012,Burkina Faso,122.67732616131876,5,0,0
Centre-Nord,2013,Burkina Faso,122.67732616131876,1,0,0
Centre-Nord,2014,Burkina Faso,122.67732616131876,6,1,0
Centre-Nord,2015,Burkina Faso,122.67732616131876,2,0,1
Centre-Nord,2016,Burkina Faso,122.67732616131876,8,1,1
Centre-Nord,2017,Burkina Faso,122.67732616131876,6,0,1
Centre-Nord,2018,Burkina Faso,122.67732616131876,14,1,1
Centre-Nord,2019,Burkina Faso,122.67732616131876,140,421,1
Centre-Nord,2020,Burkina Faso,122.67732616131876,91,269,1
Centre-Nord,2021,Burkina Faso,122.67732616131876,226,228,1
Centre-Nord,2022,Burkina Faso,122.67732616131876,444,826,1
Centre-Nord,2023,Burkina Faso,122.67732616131876,353,1448,1
Centre-Nord,2024,Burkina Faso,122.67732616131876,226,1281,1
Centre-Nord,2025,Burkina Faso,122.67732616131876,129,260,1
Centre-Ouest,2000,Burkina Faso,172.61138315549968,2,0,0
Centre-Ouest,2001,Burkina Faso,172.61138315549968,0,0,0
Centre-Ouest,2002,Burkina Faso,172.61138315549968,0,0,0
Centre-Ouest,2003,Burkina Faso,172.61138315549968,0,0,0
Centre-Ouest,2004,Burkina Faso,172.61138315549968,0,0,0
Centre-Ouest,2005,Burkina Faso,172.61138315549968,0,0,0
Centre-Ouest,2006,Burkina Faso,172.61138315549968,0,0,0
Centre-Ouest,2007,Burkina Faso,172.61138315549968,0,0,0
Centre-Ouest,2008,Burkina Faso,172.61138315549968,0,0,0
Centre-Ouest,2009,Burkina Faso,172.61138315549968,0,0,0
Centre-Ouest,2010,Burkina Faso,172.61138315549968,0,0,0
Centre-Ouest,2011,Burkina Faso,172.61138315549968,17,5,0
Centre-Ouest,2012,Burkina Faso,172.61138315549968,9,0,0
Centre-Ouest,2013,Burkina Faso,172.61138315549968,2,0,0
Centre-Ouest,2014,Burkina Faso,172.61138315549968,1,0,0
Centre-Ouest,2015,Burkina Faso,172.61138315549968,4,0,1
Centre-Ouest,2016,Burkina Faso,172.61138315549968,8,6,1
Centre-Ouest,2017,Burkina Faso,172.61138315549968,9,10,1
Centre-Ouest,2018,Burkina Faso,172.61138315549968,6,1,1
Centre-Ouest,2019,Burkina Faso,172.61138315549968,7,3,1
Centre-Ouest,2020,Burkina Faso,172.61138315549968,8,1,1
Centre-Ouest,2021,Burkina Faso,172.61138315549968,13,2,1
Centre-Ouest,2022,Burkina Faso,172.61138315549968,29,7,1
Centre-Ouest,2023,Burkina Faso,172.61138315549968,52,116,1
Centre-Ouest,2024,Burkina Faso,172.61138315549968,17,44,1
Centre-Ouest,2025,Burkina Faso,172.61138315549968,7,0,1
Centre-Sud,2000,Burkina Faso,282.9873643869001,0,0,0
Centre-Sud,2001,Burkina Faso,282.9873643869001,0,0,0
Centre-Sud,2002,Burkina Faso,282.9873643869001,0,0,0
Centre-Sud,2003,Burkina Faso,282.9873643869001,0,0,0
Centre-Sud,2004,Burkina Faso,282.9873643869001,0,0,0
Centre-Sud,2005,Burkina Faso,282.9873643869001,0,0,0
Centre-Sud,2006,Burkina Faso,282.9873643869001,0,0,0
Centre-Sud,2007,Burkina Faso,282.9873643869001,0,0,0
Centre-Sud,2008,Burkina Faso,282.9873643869001,0,0,0
Centre-Sud,2009,Burkina Faso,282.9873643869001,0,0,0
Centre-Sud,2010,Burkina Faso,282.9873643869001,0,0,0
Centre-Sud,2011,Burkina Faso,282.9873643869001,13,0,0
Centre-Sud,2012,Burkina Faso,282.9873643869001,1,10,0
Centre-Sud,2013,Burkina Faso,282.9873643869001,1,0,0
Centre-Sud,2014,Burkina Faso,282.9873643869001,3,5,0
Centre-Sud,2015,Burkina Faso,282.9873643869001,0,0,1
Centre-Sud,2016,Burkina Faso,282.9873643869001,1,2,1
Centre-Sud,2017,Burkina Faso,282.9873643869001,6,0,1
Centre-Sud,2018,Burkina Faso,282.9873643869001,3,0,1
Centre-Sud,2019,Burkina Faso,282.9873643869001,9,19,1
Centre-Sud,2020,Burkina Faso,282.9873643869001,1,0,1
Centre-Sud,2021,Burkina Faso,282.9873643869001,13,6,1
Centre-Sud,2022,Burkina Faso,282.9873643869001,13,3,1
Centre-Sud,2023,Burkina Faso,282.9873643869001,17,31,1
Centre-Sud,2024,Burkina Faso,282.9873643869001,4,0,1
Centre-Sud,2025,Burkina Faso,282.9873643869001,1,0,1
Est,2000,Burkina Faso,97.16912670707089,0,0,0
Est,2001,Burkina Faso,97.16912670707089,0,0,0
Est,2002,Burkina Faso,97.16912670707089,0,0,0
Est,2003,Burkina Faso,97.16912670707089,0,0,0
Est,2004,Burkina Faso,97.16912670707089,1,8,0
Est,2005,Burkina Faso,97.16912670707089,0,0,0
Est,2006,Burkina Faso,97.16912670707089,0,0,0
Est,2007,Burkina Faso,97.16912670707089,0,0,0
Est,2008,Burkina Faso,97.16912670707089,0,0,0
Est,2009,Burkina Faso,97.16912670707089,0,0,0
Est,2010,Burkina Faso,97.16912670707089,0,0,0
Est,2011,Burkina Faso,97.16912670707089,6,0,0
Est,2012,Burkina Faso,97.16912670707089,5,1,0
Est,2013,Burkina Faso,97.16912670707089,0,0,0
Est,2014,Burkina Faso,97.16912670707089,5,1,0
Est,2015,Burkina Faso,97.16912670707089,1,0,1
Est,2016,Burkina Faso,97.16912670707089,9,1,1
Est,2017,Burkina Faso,97.16912670707089,14,1,1
Est,2018,Burkina Faso,97.16912670707089,84,67,1
Est,2019,Burkina Faso,97.16912670707089,127,290,1
Est,2020,Burkina Faso,97.16912670707089,189,261,1
Est,2021,Burkina Faso,97.16912670707089,437,345,1
Est,2022,Burkina Faso,97.16912670707089,643,668,1
Est,2023,Burkina Faso,97.16912670707089,413,1475,1
Est,2024,Burkina Faso,97.16912670707089,345,1894,1
Est,2025,Burkina Faso,97.16912670707089,192,860,1
Hauts-Bassins,2000,Burkina Faso,86.05122241940394,0,0,0
Hauts-Bassins,2001,Burkina Faso,86.05122241940394,0,0,0
Hauts-Bassins,2002,Burkina Faso,86.05122241940394,1,21,0
Hauts-Bassins,2003,Burkina Faso,86.05122241940394,0,0,0
Hauts-Bassins,2004,Burkina Faso,86.05122241940394,0,0,0
Hauts-Bassins,2005,Burkina Faso,86.05122241940394,0,0,0
Hauts-Bassins,2006,Burkina Faso,86.05122241940394,0,0,0
Hauts-Bassins,2007,Burkina Faso,86.05122241940394,0,0,0
Hauts-Bassins,2008,Burkina Faso,86.05122241940394,2,0,0
Hauts-Bassins,2009,Burkina Faso,86.05122241940394,0,0,0
Hauts-Bassins,2010,Burkina Faso,86.05122241940394,0,0,0
Hauts-Bassins,2011,Burkina Faso,86.05122241940394,12,1,0
Hauts-Bassins,2012,Burkina Faso,86.05122241940394,5,0,0
Hauts-Bassins,2013,Burkina Faso,86.05122241940394,0,0,0
Hauts-Bassins,2014,Burkina Faso,86.05122241940394,19,2,0
Hauts-Bassins,2015,Burkina Faso,86.05122241940394,14,5,1
Hauts-Bassins,2016,Burkina Faso,86.05122241940394,2,2,1
Hauts-Bassins,2017,Burkina Faso,86.05122241940394,6,0,1
Hauts-Bassins,2018,Burkina Faso,86.05122241940394,24,7,1
Hauts-Bassins,2019,Burkina Faso,86.05122241940394,30,6,1
Hauts-Bassins,2020,Burkina Faso,86.05122241940394,20,3,1
Hauts-Bassins,2021,Burkina Faso,86.05122241940394,20,5,1
Hauts-Bassins,2022,Burkina Faso,86.05122241940394,93,52,1
Hauts-Bassins,2023,Burkina Faso,86.05122241940394,127,351,1
Hauts-Bassins,2024,Burkina Faso,86.05122241940394,69,144,1
Hauts-Bassins,2025,Burkina Faso,86.05122241940394,20,53,1
Nord,2000,Burkina Faso,46.44724320065226,0,0,0
Nord,2001,Burkina Faso,46.44724320065226,0,0,0
Nord,2002,Burkina Faso,46.44724320065226,1,22,0
Nord,2003,Burkina Faso,46.44724320065226,0,0,0
Nord,2004,Burkina Faso,46.44724320065226,0,0,0
Nord,2005,Burkina Faso,46.44724320065226,0,0,0
Nord,2006,Burkina Faso,46.44724320065226,0,0,0
Nord,2007,Burkina Faso,46.44724320065226,0,0,0
Nord,2008,Burkina Faso,46.44724320065226,0,0,0
Nord,2009,Burkina Faso,46.44724320065226,0,0,0
Nord,2010,Burkina Faso,46.44724320065226,0,0,0
Nord,2011,Burkina Faso,46.44724320065226,12,0,0
Nord,2012,Burkina Faso,46.44724320065226,7,9,0
Nord,2013,Burkina Faso,46.44724320065226,2,0,0
Nord,2014,Burkina Faso,46.44724320065226,1,3,0
Nord,2015,Burkina Faso,46.44724320065226,10,0,1
Nord,2016,Burkina Faso,46.44724320065226,2,0,1
Nord,2017,Burkina Faso,46.44724320065226,8,4,1
Nord,2018,Burkina Faso,46.44724320065226,29,8,1
Nord,2019,Burkina Faso,46.44724320065226,78,285,1
Nord,2020,Burkina Faso,46.44724320065226,72,217,1
Nord,2021,Burkina Faso,46.44724320065226,211,250,1
Nord,2022,Burkina Faso,46.44724320065226,296,240,1
Nord,2023,Burkina Faso,46.44724320065226,284,1126,1
Nord,2024,Burkina Faso,46.44724320065226,128,711,1
Nord,2025,Burkina Faso,46.44724320065226,91,302,1
Plateau-Central,2000,Burkina Faso,186.6357859498233,2,1,0
Plateau-Central,2001,Burkina Faso,186.6357859498233,0,0,0
Plateau-Central,2002,Burkina Faso,186.6357859498233,0,0,0
Plateau-Central,2003,Burkina Faso,186.6357859498233,0,0,0
Plateau-Central,2004,Burkina Faso,186.6357859498233,0,0,0
Plateau-Central,2005,Burkina Faso,186.6357859498233,0,0,0
Plateau-Central,2006,Burkina Faso,186.6357859498233,1,1,0
Plateau-Central,2007,Burkina Faso,186.6357859498233,0,0,0
Plateau-Central,2008,Burkina Faso,186.6357859498233,0,0,0
Plateau-Central,2009,Burkina Faso,186.6357859498233,0,0,0
Plateau-Central,2010,Burkina Faso,186.6357859498233,0,0,0
Plateau-Central,2011,Burkina Faso,186.6357859498233,4,0,0
Plateau-Central,2012,Burkina Faso,186.6357859498233,2,0,0
Plateau-Central,2013,Burkina Faso,186.6357859498233,1,0,0
Plateau-Central,2014,Burkina Faso,186.6357859498233,0,0,0
Plateau-Central,2015,Burkina Faso,186.6357859498233,2,1,1
Plateau-Central,2016,Burkina Faso,186.6357859498233,2,1,1
Plateau-Central,2017,Burkina Faso,186.6357859498233,2,0,1
Plateau-Central,2018,Burkina Faso,186.6357859498233,7,0,1
Plateau-Central,2019,Burkina Faso,186.6357859498233,8,2,1
Plateau-Central,2020,Burkina Faso,186.6357859498233,2,0,1
Plateau-Central,2021,Burkina Faso,186.6357859498233,3,0,1
Plateau-Central,2022,Burkina Faso,186.6357859498233,3,0,1
Plateau-Central,2023,Burkina Faso,186.6357859498233,1,0,1
Plateau-Central,2024,Burkina Faso,186.6357859498233,3,1,1
Plateau-Central,2025,Burkina Faso,186.6357859498233,2,0,1
Sahel,2000,Burkina Faso,38.19240170687503,0,0,0
Sahel,2001,Burkina Faso,38.19240170687503,0,0,0
Sahel,2002,Burkina Faso,38.19240170687503,0,0,0
Sahel,2003,Burkina Faso,38.19240170687503,0,0,0
Sahel,2004,Burkina Faso,38.19240170687503,0,0,0
Sahel,2005,Burkina Faso,38.19240170687503,0,0,0
Sahel,2006,Burkina Faso,38.19240170687503,0,0,0
Sahel,2007,Burkina Faso,38.19240170687503,0,0,0
Sahel,2008,Burkina Faso,38.19240170687503,0,0,0
Sahel,2009,Burkina Faso,38.19240170687503,0,0,0
Sahel,2010,Burkina Faso,38.19240170687503,0,0,0
Sahel,2011,Burkina Faso,38.19240170687503,4,0,0
Sahel,2012,Burkina Faso,38.19240170687503,1,1,0
Sahel,2013,Burkina Faso,38.19240170687503,0,0,0
Sahel,2014,Burkina Faso,38.19240170687503,4,0,0
Sahel,2015,Burkina Faso,38.19240170687503,5,3,1
Sahel,2016,Burkina Faso,38.19240170687503,17,32,1
Sahel,2017,Burkina Faso,38.19240170687503,82,71,1
Sahel,2018,Burkina Faso,38.19240170687503,130,173,1
Sahel,2019,Burkina Faso,38.19240170687503,303,1051,1
Sahel,2020,Burkina Faso,38.19240170687503,356,1384,1
Sahel,2021,Burkina Faso,38.19240170687503,620,1338,1
Sahel,2022,Burkina Faso,38.19240170687503,569,1719,1
Sahel,2023,Burkina Faso,38.19240170687503,461,1839,1
Sahel,2024,Burkina Faso,38.19240170687503,332,1265,1
Sahel,2025,Burkina Faso,38.19240170687503,203,759,1
Sud-Ouest,2000,Burkina Faso,218.0082549893938,0,0,0
Sud-Ouest,2001,Burkina Faso,218.0082549893938,0,0,0
Sud-Ouest,2002,Burkina Faso,218.0082549893938,0,0,0
Sud-Ouest,2003,Burkina Faso,218.0082549893938,0,0,0
Sud-Ouest,2004,Burkina Faso,218.0082549893938,0,0,0
Sud-Ouest,2005,Burkina Faso,218.0082549893938,0,0,0
Sud-Ouest,2006,Burkina Faso,218.0082549893938,0,0,0
Sud-Ouest,2007,Burkina Faso,218.0082549893938,0,0,0
Sud-Ouest,2008,Burkina Faso,218.0082549893938,6,14,0
Sud-Ouest,2009,Burkina Faso,218.0082549893938,0,0,0
Sud-Ouest,2010,Burkina Faso,218.0082549893938,1,1,0
Sud-Ouest,2011,Burkina Faso,218.0082549893938,4,0,0
Sud-Ouest,2012,Burkina Faso,218.0082549893938,4,4,0
Sud-Ouest,2013,Burkina Faso,218.0082549893938,3,0,0
Sud-Ouest,2014,Burkina Faso,218.0082549893938,3,0,0
Sud-Ouest,2015,Burkina Faso,218.0082549893938,2,0,1
Sud-Ouest,2016,Burkina Faso,218.0082549893938,2,0,1
Sud-Ouest,2017,Burkina Faso,218.0082549893938,1,1,1
Sud-Ouest,2018,Burkina Faso,218.0082549893938,17,3,1
Sud-Ouest,2019,Burkina Faso,218.0082549893938,36,4,1
Sud-Ouest,2020,Burkina Faso,218.0082549893938,16,4,1
Sud-Ouest,2021,Burkina Faso,218.0082549893938,29,52,1
Sud-Ouest,2022,Burkina Faso,218.0082549893938,56,104,1
Sud-Ouest,2023,Burkina Faso,218.0082549893938,26,128,1
Sud-Ouest,2024,Burkina Faso,218.0082549893938,25,43,1
Sud-Ouest,2025,Burkina Faso,218.0082549893938,22,22,1
Bamako,2000,Mali,297.3255042157813,1,0,0
Bamako,2001,Mali,297.3255042157813,1,0,0
Bamako,2002,Mali,297.3255042157813,1,0,0
Bamako,2003,Mali,297.3255042157813,0,0,0
Bamako,2004,Mali,297.3255042157813,0,0,0
Bamako,2005,Mali,297.3255042157813,1,0,0
Bamako,2006,Mali,297.3255042157813,0,0,0
Bamako,2007,Mali,297.3255042157813,1,0,0
Bamako,2008,Mali,297.3255042157813,0,0,0
Bamako,2009,Mali,297.3255042157813,0,0,0
Bamako,2010,Mali,297.3255042157813,4,2,0
Bamako,2011,Mali,297.3255042157813,5,15,0
Bamako,2012,Mali,297.3255042157813,59,36,0
Bamako,2013,Mali,297.3255042157813,32,8,0
Bamako,2014,Mali,297.3255042157813,13,3,0
Bamako,2015,Mali,297.3255042157813,18,33,1
Bamako,2016,Mali,297.3255042157813,14,6,1
Bamako,2017,Mali,297.3255042157813,21,2,1
Bamako,2018,Mali,297.3255042157813,34,1,1
Bamako,2019,Mali,297.3255042157813,56,5,1
Bamako,2020,Mali,297.3255042157813,65,25,1
Bamako,2021,Mali,297.3255042157813,43,4,1
Bamako,2022,Mali,297.3255042157813,25,6,1
Bamako,2023,Mali,297.3255042157813,31,3,1
Bamako,2024,Mali,297.3255042157813,33,92,1
Bamako,2025,Mali,297.3255042157813,31,0,1
Gao,2000,Mali,107.5451828262728,1,3,0
Gao,2001,Mali,107.5451828262728,0,0,0
Gao,2002,Mali,107.5451828262728,0,0,0
Gao,2003,Mali,107.5451828262728,0,0,0
Gao,2004,Mali,107.5451828262728,1,0,0
Gao,2005,Mali,107.5451828262728,0,0,0
Gao,2006,Mali,107.5451828262728,0,0,0
Gao,2007,Mali,107.5451828262728,1,0,0
Gao,2008,Mali,107.5451828262728,2,4,0
Gao,2009,Mali,107.5451828262728,1,28,0
Gao,2010,Mali,107.5451828262728,1,1,0
Gao,2011,Mali,107.5451828262728,2,0,0
Gao,2012,Mali,107.5451828262728,79,100,0
Gao,2013,Mali,107.5451828262728,66,216,0
Gao,2014,Mali,107.5451828262728,38,104,0
Gao,2015,Mali,107.5451828262728,32,74,1
Gao,2016,Mali,107.5451828262728,16,21,1
Gao,2017,Mali,107.5451828262728,77,141,1
Gao,2018,Mali,107.5451828262728,109,163,1
Gao,2019,Mali,107.5451828262728,89,108,1
Gao,2020,Mali,107.5451828262728,230,580,1
Gao,2021,Mali,107.5451828262728,223,384,1
Gao,2022,Mali,107.5451828262728,364,1177,1
Gao,2023,Mali,107.5451828262728,383,679,1
Gao,2024,Mali,107.5451828262728,309,370,1
Gao,2025,Mali,107.5451828262728,137,228,1
Kayes,2000,Mali,584.7722061059075,0,0,0
Kayes,2001,Mali,584.7722061059075,1,5,0
Kayes,2002,Mali,584.7722061059075,0,0,0
Kayes,2003,Mali,584.7722061059075,2,26,0
Kayes,2004,Mali,584.7722061059075,0,0,0
Kayes,2005,Mali,584.7722061059075,0,0,0
Kayes,2006,Mali,584.7722061059075,0,0,0
Kayes,2007,Mali,584.7722061059075,0,0,0
Kayes,2008,Mali,584.7722061059075,0,0,0
Kayes,2009,Mali,584.7722061059075,1,1,0
Kayes,2010,Mali,584.7722061059075,1,6,0
Kayes,2011,Mali,584.7722061059075,8,19,0
Kayes,2012,Mali,584.7722061059075,0,0,0
Kayes,2013,Mali,584.7722061059075,2,2,0
Kayes,2014,Mali,584.7722061059075,3,0,0
Kayes,2015,Mali,584.7722061059075,3,0,1
Kayes,2016,Mali,584.7722061059075,1,0,1
Kayes,2017,Mali,584.7722061059075,1,0,1
Kayes,2018,Mali,584.7722061059075,9,3,1
Kayes,2019,Mali,584.7722061059075,22,1,1
Kayes,2020,Mali,584.7722061059075,34,15,1
Kayes,2021,Mali,584.7722061059075,32,20,1
Kayes,2022,Mali,584.7722061059075,55,34,1
Kayes,2023,Mali,584.7722061059075,55,41,1
Kayes,2024,Mali,584.7722061059075,45,75,1
Kayes,2025,Mali,584.7722061059075,76,188,1
Kidal,2000,Mali,309.1393936909669,2,5,0
Kidal,2001,Mali,309.1393936909669,1,0,0
Kidal,2002,Mali,309.1393936909669,0,0,0
Kidal,2003,Mali,309.1393936909669,1,0,0
Kidal,2004,Mali,309.1393936909669,2,0,0
Kidal,2005,Mali,309.1393936909669,1,15,0
Kidal,2006,Mali,309.1393936909669,6,1,0
Kidal,2007,Mali,309.1393936909669,7,18,0
Kidal,2008,Mali,309.1393936909669,14,129,0
Kidal,2009,Mali,309.1393936909669,6,45,0
Kidal,2010,Mali,309.1393936909669,4,14,0
Kidal,2011,Mali,309.1393936909669,2,0,0
Kidal,2012,Mali,309.1393936909669,35,248,0
Kidal,2013,Mali,309.1393936909669,97,345,0
Kidal,2014,Mali,309.1393936909669,67,216,0
Kidal,2015,Mali,309.1393936909669,37,76,1
Kidal,2016,Mali,309.1393936909669,38,79,1
Kidal,2017,Mali,309.1393936909669,84,133,1
Kidal,2018,Mali,309.1393936909669,49,73,1
Kidal,2019,Mali,309.1393936909669,17,31,1
Kidal,2020,Mali,309.1393936909669,42,13,1
Kidal,2021,Mali,309.1393936909669,81,62,1
Kidal,2022,Mali,309.1393936909669,46,17,1
Kidal,2023,Mali,309.1393936909669,139,111,1
Kidal,2024,Mali,309.1393936909669,214,576,1
Kidal,2025,Mali,309.1393936909669,111,230,1
Koulikoro,2000,Mali,332.55161007691856,0,0,0
Koulikoro,2001,Mali,332.55161007691856,0,0,0
Koulikoro,2002,Mali,332.55161007691856,0,0,0
Koulikoro,2003,Mali,332.55161007691856,0,0,0
Koulikoro,2004,Mali,332.55161007691856,0,0,0
Koulikoro,2005,Mali,332.55161007691856,0,0,0
Koulikoro,2006,Mali,332.55161007691856,0,0,0
Koulikoro,2007,Mali,332.55161007691856,0,0,0
Koulikoro,2008,Mali,332.55161007691856,0,0,0
Koulikoro,2009,Mali,332.55161007691856,0,0,0
Koulikoro,2010,Mali,332.55161007691856,0,0,0
Koulikoro,2011,Mali,332.55161007691856,2,2,0
Koulikoro,2012,Mali,332.55161007691856,9,29,0
Koulikoro,2013,Mali,332.55161007691856,3,0,0
Koulikoro,2014,Mali,332.55161007691856,0,0,0
Koulikoro,2015,Mali,332.55161007691856,4,18,1
Koulikoro,2016,Mali,332.55161007691856,4,4,1
Koulikoro,2017,Mali,332.55161007691856,7,16,1
Koulikoro,2018,Mali,332.55161007691856,18,20,1
Koulikoro,2019,Mali,332.55161007691856,28,25,1
Koulikoro,2020,Mali,332.55161007691856,17,17,1
Koulikoro,2021,Mali,332.55161007691856,37,72,1
Koulikoro,2022,Mali,332.55161007691856,77,244,1
Koulikoro,2023,Mali,332.55161007691856,121,245,1
Koulikoro,2024,Mali,332.55161007691856,126,342,1
Koulikoro,2025,Mali,332.55161007691856,89,167,1
Menaka,2000,Mali,59.21271807062484,0,0,0
Menaka,2001,Mali,59.21271807062484,0,0,0
Menaka,2002,Mali,59.21271807062484,0,0,0
Menaka,2003,Mali,59.21271807062484,0,0,0
Menaka,2004,Mali,59.21271807062484,0,0,0
Menaka,2005,Mali,59.21271807062484,0,0,0
Menaka,2006,Mali,59.21271807062484,3,3,0
Menaka,2007,Mali,59.21271807062484,0,0,0
Menaka,2008,Mali,59.21271807062484,0,0,0
Menaka,2009,Mali,59.21271807062484,2,0,0
Menaka,2010,Mali,59.21271807062484,0,0,0
Menaka,2011,Mali,59.21271807062484,2,14,0
Menaka,2012,Mali,59.21271807062484,7,12,0
Menaka,2013,Mali,59.21271807062484,9,9,0
Menaka,2014,Mali,59.21271807062484,6,7,0
Menaka,2015,Mali,59.21271807062484,12,27,1
Menaka,2016,Mali,59.21271807062484,8,16,1
Menaka,2017,Mali,59.21271807062484,44,138,1
Menaka,2018,Mali,59.21271807062484,69,392,1
Menaka,2019,Mali,59.21271807062484,43,275,1
Menaka,2020,Mali,59.21271807062484,63,98,1
Menaka,2021,Mali,59.21271807062484,56,103,1
Menaka,2022,Mali,59.21271807062484,187,810,1
Menaka,2023,Mali,59.21271807062484,128,566,1
Menaka,2024,Mali,59.21271807062484,97,181,1
Menaka,2025,Mali,59.21271807062484,39,62,1
Mopti,2000,Mali,79.44824974103005,0,0,0
Mopti,2001,Mali,79.44824974103005,1,2,0
Mopti,2002,Mali,79.44824974103005,1,5,0
Mopti,2003,Mali,79.44824974103005,0,0,0
Mopti,2004,Mali,79.44824974103005,0,0,0
Mopti,2005,Mali,79.44824974103005,0,0,0
Mopti,2006,Mali,79.44824974103005,0,0,0
Mopti,2007,Mali,79.44824974103005,0,0,0
Mopti,2008,Mali,79.44824974103005,0,0,0
Mopti,2009,Mali,79.44824974103005,0,0,0
Mopti,2010,Mali,79.44824974103005,0,0,0
Mopti,2011,Mali,79.44824974103005,3,0,0
Mopti,2012,Mali,79.44824974103005,14,26,0
Mopti,2013,Mali,79.44824974103005,41,232,0
Mopti,2014,Mali,79.44824974103005,1,1,0
Mopti,2015,Mali,79.44824974103005,26,83,1
Mopti,2016,Mali,79.44824974103005,40,114,1
Mopti,2017,Mali,79.44824974103005,134,292,1
Mopti,2018,Mali,79.44824974103005,308,847,1
Mopti,2019,Mali,79.44824974103005,437,1265,1
Mopti,2020,Mali,79.44824974103005,560,1585,1
Mopti,2021,Mali,79.44824974103005,519,878,1
Mopti,2022,Mali,79.44824974103005,696,1936,1
Mopti,2023,Mali,79.44824974103005,640,1462,1
Mopti,2024,Mali,79.44824974103005,582,1164,1
Mopti,2025,Mali,79.44824974103005,242,734,1
Segou,2000,Mali,179.30964502084117,0,0,0
Segou,2001,Mali,179.30964502084117,0,0,0
Segou,2002,Mali,179.30964502084117,0,0,0
Segou,2003,Mali,179.30964502084117,0,0,0
Segou,2004,Mali,179.30964502084117,0,0,0
Segou,2005,Mali,179.30964502084117,0,0,0
Segou,2006,Mali,179.30964502084117,0,0,0
Segou,2007,Mali,179.30964502084117,0,0,0
Segou,2008,Mali,179.30964502084117,2,3,0
Segou,2009,Mali,179.30964502084117,0,0,0
Segou,2010,Mali,179.30964502084117,0,0,0
Segou,2011,Mali,179.30964502084117,0,0,0
Segou,2012,Mali,179.30964502084117,4,31,0
Segou,2013,Mali,179.30964502084117,16,3,0
Segou,2014,Mali,179.30964502084117,0,0,0
Segou,2015,Mali,179.30964502084117,8,27,1
Segou,2016,Mali,179.30964502084117,8,26,1
Segou,2017,Mali,179.30964502084117,38,130,1
Segou,2018,Mali,179.30964502084117,51,114,1
Segou,2019,Mali,179.30964502084117,34,88,1
Segou,2020,Mali,179.30964502084117,108,255,1
Segou,2021,Mali,179.30964502084117,197,269,1
Segou,2022,Mali,179.30964502084117,235,510,1
Segou,2023,Mali,179.30964502084117,401,709,1
Segou,2024,Mali,179.30964502084117,353,887,1
Segou,2025,Mali,179.30964502084117,190,455,1
Sikasso,2000,Mali,81.32024076409428,0,0,0
Sikasso,2001,Mali,81.32024076409428,1,8,0
Sikasso,2002,Mali,81.32024076409428,0,0,0
Sikasso,2003,Mali,81.32024076409428,0,0,0
Sikasso,2004,Mali,81.32024076409428,0,0,0
Sikasso,2005,Mali,81.32024076409428,0,0,0
Sikasso,2006,Mali,81.32024076409428,0,0,0
Sikasso,2007,Mali,81.32024076409428,0,0,0
Sikasso,2008,Mali,81.32024076409428,1,20,0
Sikasso,2009,Mali,81.32024076409428,0,0,0
Sikasso,2010,Mali,81.32024076409428,0,0,0
Sikasso,2011,Mali,81.32024076409428,0,0,0
Sikasso,2012,Mali,81.32024076409428,3,2,0
Sikasso,2013,Mali,81.32024076409428,0,0,0
Sikasso,2014,Mali,81.32024076409428,1,0,0
Sikasso,2015,Mali,81.32024076409428,6,13,1
Sikasso,2016,Mali,81.32024076409428,1,0,1
Sikasso,2017,Mali,81.32024076409428,2,1,1
Sikasso,2018,Mali,81.32024076409428,7,4,1
Sikasso,2019,Mali,81.32024076409428,18,9,1
Sikasso,2020,Mali,81.32024076409428,37,17,1
Sikasso,2021,Mali,81.32024076409428,59,31,1
Sikasso,2022,Mali,81.32024076409428,79,63,1
Sikasso,2023,Mali,81.32024076409428,61,12,1
Sikasso,2024,Mali,81.32024076409428,44,20,1
Sikasso,2025,Mali,81.32024076409428,63,97,1
Tombouctou,2000,Mali,243.56247178846016,0,0,0
Tombouctou,2001,Mali,243.56247178846016,0,0,0
Tombouctou,2002,Mali,243.56247178846016,0,0,0
Tombouctou,2003,Mali,243.56247178846016,0,0,0
Tombouctou,2004,Mali,243.56247178846016,0,0,0
Tombouctou,2005,Mali,243.56247178846016,0,0,0
Tombouctou,2006,Mali,243.56247178846016,1,0,0
Tombouctou,2007,Mali,243.56247178846016,3,0,0
Tombouctou,2008,Mali,243.56247178846016,2,1,0
Tombouctou,2009,Mali,243.56247178846016,0,0,0
Tombouctou,2010,Mali,243.56247178846016,8,24,0
Tombouctou,2011,Mali,243.56247178846016,5,7,0
Tombouctou,2012,Mali,243.56247178846016,67,44,0
Tombouctou,2013,Mali,243.56247178846016,48,93,0
Tombouctou,2014,Mali,243.56247178846016,29,51,0
Tombouctou,2015,Mali,243.56247178846016,30,83,1
Tombouctou,2016,Mali,243.56247178846016,37,54,1
Tombouctou,2017,Mali,243.56247178846016,65,93,1
Tombouctou,2018,Mali,243.56247178846016,97,130,1
Tombouctou,2019,Mali,243.56247178846016,78,68,1
Tombouctou,2020,Mali,243.56247178846016,112,251,1
Tombouctou,2021,Mali,243.56247178846016,108,90,1
Tombouctou,2022,Mali,243.56247178846016,140,66,1
Tombouctou,2023,Mali,243.56247178846016,291,519,1
Tombouctou,2024,Mali,243.56247178846016,189,316,1
Tombouctou,2025,Mali,243.56247178846016,138,207,1
Agadez,2000,Niger,458.3606936063125,0,0,0
Agadez,2001,Niger,458.3606936063125,4,3,0
Agadez,2002,Niger,458.3606936063125,2,0,0
Agadez,2003,Niger,458.3606936063125,0,0,0
Agadez,2004,Niger,458.3606936063125,8,8,0
Agadez,2005,Niger,458.3606936063125,2,1,0
Agadez,2006,Niger,458.3606936063125,1,0,0
Agadez,2007,Niger,458.3606936063125,25,85,0
Agadez,2008,Niger,458.3606936063125,14,78,0
Agadez,2009,Niger,458.3606936063125,2,0,0
Agadez,2010,Niger,458.3606936063125,3,0,0
Agadez,2011,Niger,458.3606936063125,4,23,0
Agadez,2012,Niger,458.3606936063125,1,7,0
Agadez,2013,Niger,458.3606936063125,6,25,0
Agadez,2014,Niger,458.3606936063125,4,13,0
Agadez,2015,Niger,458.3606936063125,2,3,1
Agadez,2016,Niger,458.3606936063125,2,0,1
Agadez,2017,Niger,458.3606936063125,5,21,1
Agadez,2018,Niger,458.3606936063125,13,19,1
Agadez,2019,Niger,458.3606936063125,15,2,1
Agadez,2020,Niger,458.3606936063125,16,14,1
Agadez,2021,Niger,458.3606936063125,7,22,1
Agadez,2022,Niger,458.3606936063125,158,39,1
Agadez,2023,Niger,458.3606936063125,53,29,1
Agadez,2024,Niger,458.3606936063125,43,33,1
Agadez,2025,Niger,458.3606936063125,22,20,1
Diffa,2000,Niger,1003.0072352609882,0,0,0
Diffa,2001,Niger,1003.0072352609882,0,0,0
Diffa,2002,Niger,1003.0072352609882,33,74,0
Diffa,2003,Niger,1003.0072352609882,2,0,0
Diffa,2004,Niger,1003.0072352609882,0,0,0
Diffa,2005,Niger,1003.0072352609882,0,0,0
Diffa,2006,Niger,1003.0072352609882,2,0,0
Diffa,2007,Niger,1003.0072352609882,0,0,0
Diffa,2008,Niger,1003.0072352609882,2,10,0
Diffa,2009,Niger,1003.0072352609882,0,0,0
Diffa,2010,Niger,1003.0072352609882,0,0,0
Diffa,2011,Niger,1003.0072352609882,0,0,0
Diffa,2012,Niger,1003.0072352609882,0,0,0
Diffa,2013,Niger,1003.0072352609882,3,0,0
Diffa,2014,Niger,1003.0072352609882,4,0,0
Diffa,2015,Niger,1003.0072352609882,55,977,1
Diffa,2016,Niger,1003.0072352609882,54,306,1
Diffa,2017,Niger,1003.0072352609882,18,147,1
Diffa,2018,Niger,1003.0072352609882,54,307,1
Diffa,2019,Niger,1003.0072352609882,166,414,1
Diffa,2020,Niger,1003.0072352609882,221,350,1
Diffa,2021,Niger,1003.0072352609882,118,241,1
Diffa,2022,Niger,1003.0072352609882,161,252,1
Diffa,2023,Niger,1003.0072352609882,128,226,1
Diffa,2024,Niger,1003.0072352609882,138,200,1
Diffa,2025,Niger,1003.0072352609882,40,77,1
Dosso,2000,Niger,141.8273290840186,2,0,0
Dosso,2001,Niger,141.8273290840186,0,0,0
Dosso,2002,Niger,141.8273290840186,0,0,0
Dosso,2003,Niger,141.8273290840186,0,0,0
Dosso,2004,Niger,141.8273290840186,0,0,0
Dosso,2005,Niger,141.8273290840186,2,0,0
Dosso,2006,Niger,141.8273290840186,0,0,0
Dosso,2007,Niger,141.8273290840186,0,0,0
Dosso,2008,Niger,141.8273290840186,0,0,0
Dosso,2009,Niger,141.8273290840186,1,0,0
Dosso,2010,Niger,141.8273290840186,0,0,0
Dosso,2011,Niger,141.8273290840186,0,0,0
Dosso,2012,Niger,141.8273290840186,1,7,0
Dosso,2013,Niger,141.8273290840186,0,0,0
Dosso,2014,Niger,141.8273290840186,0,0,0
Dosso,2015,Niger,141.8273290840186,0,0,1
Dosso,2016,Niger,141.8273290840186,2,0,1
Dosso,2017,Niger,141.8273290840186,1,1,1
Dosso,2018,Niger,141.8273290840186,1,0,1
Dosso,2019,Niger,141.8273290840186,6,9,1
Dosso,2020,Niger,141.8273290840186,6,4,1
Dosso,2021,Niger,141.8273290840186,3,0,1
Dosso,2022,Niger,141.8273290840186,36,3,1
Dosso,2023,Niger,141.8273290840186,37,7,1
Dosso,2024,Niger,141.8273290840186,65,45,1
Dosso,2025,Niger,141.8273290840186,82,160,1
Maradi,2000,Niger,425.7623341682856,1,0,0
Maradi,2001,Niger,425.7623341682856,0,0,0
Maradi,2002,Niger,425.7623341682856,0,0,0
Maradi,2003,Niger,425.7623341682856,0,0,0
Maradi,2004,Niger,425.7623341682856,0,0,0
Maradi,2005,Niger,425.7623341682856,0,0,0
Maradi,2006,Niger,425.7623341682856,0,0,0
Maradi,2007,Niger,425.7623341682856,0,0,0
Maradi,2008,Niger,425.7623341682856,0,0,0
Maradi,2009,Niger,425.7623341682856,0,0,0
Maradi,2010,Niger,425.7623341682856,0,0,0
Maradi,2011,Niger,425.7623341682856,0,0,0
Maradi,2012,Niger,425.7623341682856,1,0,0
Maradi,2013,Niger,425.7623341682856,0,0,0
Maradi,2014,Niger,425.7623341682856,0,0,0
Maradi,2015,Niger,425.7623341682856,2,0,1
Maradi,2016,Niger,425.7623341682856,2,0,1
Maradi,2017,Niger,425.7623341682856,1,3,1
Maradi,2018,Niger,425.7623341682856,2,0,1
Maradi,2019,Niger,425.7623341682856,25,18,1
Maradi,2020,Niger,425.7623341682856,41,11,1
Maradi,2021,Niger,425.7623341682856,51,29,1
Maradi,2022,Niger,425.7623341682856,144,44,1
Maradi,2023,Niger,425.7623341682856,70,32,1
Maradi,2024,Niger,425.7623341682856,65,47,1
Maradi,2025,Niger,425.7623341682856,13,6,1
Niamey,2000,Niger,88.12733325518836,7,0,0
Niamey,2001,Niger,88.12733325518836,5,1,0
Niamey,2002,Niger,88.12733325518836,5,0,0
Niamey,2003,Niger,88.12733325518836,3,0,0
Niamey,2004,Niger,88.12733325518836,4,4,0
Niamey,2005,Niger,88.12733325518836,2,0,0
Niamey,2006,Niger,88.12733325518836,5,0,0
Niamey,2007,Niger,88.12733325518836,4,1,0
Niamey,2008,Niger,88.12733325518836,6,1,0
Niamey,2009,Niger,88.12733325518836,8,0,0
Niamey,2010,Niger,88.12733325518836,5,11,0
Niamey,2011,Niger,88.12733325518836,1,0,0
Niamey,2012,Niger,88.12733325518836,2,1,0
Niamey,2013,Niger,88.12733325518836,15,8,0
Niamey,2014,Niger,88.12733325518836,6,0,0
Niamey,2015,Niger,88.12733325518836,8,2,1
Niamey,2016,Niger,88.12733325518836,8,0,1
Niamey,2017,Niger,88.12733325518836,13,1,1
Niamey,2018,Niger,88.12733325518836,19,1,1
Niamey,2019,Niger,88.12733325518836,14,0,1
Niamey,2020,Niger,88.12733325518836,13,4,1
Niamey,2021,Niger,88.12733325518836,15,3,1
Niamey,2022,Niger,88.12733325518836,10,5,1
Niamey,2023,Niger,88.12733325518836,34,2,1
Niamey,2024,Niger,88.12733325518836,42,0,1
Niamey,2025,Niger,88.12733325518836,33,0,1
Tahoua,2000,Niger,146.57599943865225,0,0,0
Tahoua,2001,Niger,146.57599943865225,0,0,0
Tahoua,2002,Niger,146.57599943865225,0,0,0
Tahoua,2003,Niger,146.57599943865225,0,0,0
Tahoua,2004,Niger,146.57599943865225,3,0,0
Tahoua,2005,Niger,146.57599943865225,2,0,0
Tahoua,2006,Niger,146.57599943865225,0,0,0
Tahoua,2007,Niger,146.57599943865225,1,1,0
Tahoua,2008,Niger,146.57599943865225,0,0,0
Tahoua,2009,Niger,146.57599943865225,4,10,0
Tahoua,2010,Niger,146.57599943865225,1,2,0
Tahoua,2011,Niger,146.57599943865225,0,0,0
Tahoua,2012,Niger,146.57599943865225,0,0,0
Tahoua,2013,Niger,146.57599943865225,0,0,0
Tahoua,2014,Niger,146.57599943865225,1,10,0
Tahoua,2015,Niger,146.57599943865225,0,0,1
Tahoua,2016,Niger,146.57599943865225,5,45,1
Tahoua,2017,Niger,146.57599943865225,1,5,1
Tahoua,2018,Niger,146.57599943865225,5,9,1
Tahoua,2019,Niger,146.57599943865225,5,23,1
Tahoua,2020,Niger,146.57599943865225,28,63,1
Tahoua,2021,Niger,146.57599943865225,32,298,1
Tahoua,2022,Niger,146.57599943865225,98,51,1
Tahoua,2023,Niger,146.57599943865225,78,96,1
Tahoua,2024,Niger,146.57599943865225,77,121,1
Tahoua,2025,Niger,146.57599943865225,44,86,1
Tillaberi,2000,Niger,40.09248043227554,0,0,0
Tillaberi,2001,Niger,40.09248043227554,0,0,0
Tillaberi,2002,Niger,40.09248043227554,1,2,0
Tillaberi,2003,Niger,40.09248043227554,0,0,0
Tillaberi,2004,Niger,40.09248043227554,1,0,0
Tillaberi,2005,Niger,40.09248043227554,1,0,0
Tillaberi,2006,Niger,40.09248043227554,0,0,0
Tillaberi,2007,Niger,40.09248043227554,0,0,0
Tillaberi,2008,Niger,40.09248043227554,3,2,0
Tillaberi,2009,Niger,40.09248043227554,1,4,0
Tillaberi,2010,Niger,40.09248043227554,1,8,0
Tillaberi,2011,Niger,40.09248043227554,3,0,0
Tillaberi,2012,Niger,40.09248043227554,1,0,0
Tillaberi,2013,Niger,40.09248043227554,1,0,0
Tillaberi,2014,Niger,40.09248043227554,4,15,0
Tillaberi,2015,Niger,40.09248043227554,1,0,1
Tillaberi,2016,Niger,40.09248043227554,7,16,1
Tillaberi,2017,Niger,40.09248043227554,17,62,1
Tillaberi,2018,Niger,40.09248043227554,68,170,1
Tillaberi,2019,Niger,40.09248043227554,133,263,1
Tillaberi,2020,Niger,40.09248043227554,221,680,1
Tillaberi,2021,Niger,40.09248043227554,203,905,1
Tillaberi,2022,Niger,40.09248043227554,371,622,1
Tillaberi,2023,Niger,40.09248043227554,392,767,1
Tillaberi,2024,Niger,40.09248043227554,352,1418,1
Tillaberi,2025,Niger,40.09248043227554,271,743,1
Zinder,2000,Niger,614.8527256870276,0,0,0
Zinder,2001,Niger,614.8527256870276,0,0,0
Zinder,2002,Niger,614.8527256870276,0,0,0
Zinder,2003,Niger,614.8527256870276,1,0,0
Zinder,2004,Niger,614.8527256870276,1,0,0
Zinder,2005,Niger,614.8527256870276,0,0,0
Zinder,2006,Niger,614.8527256870276,0,0,0
Zinder,2007,Niger,614.8527256870276,1,3,0
Zinder,2008,Niger,614.8527256870276,3,3,0
Zinder,2009,Niger,614.8527256870276,0,0,0
Zinder,2010,Niger,614.8527256870276,0,0,0
Zinder,2011,Niger,614.8527256870276,2,2,0
Zinder,2012,Niger,614.8527256870276,3,0,0
Zinder,2013,Niger,614.8527256870276,0,0,0
Zinder,2014,Niger,614.8527256870276,1,0,0
Zinder,2015,Niger,614.8527256870276,4,6,1
Zinder,2016,Niger,614.8527256870276,2,0,1
Zinder,2017,Niger,614.8527256870276,0,0,1
Zinder,2018,Niger,614.8527256870276,6,0,1
Zinder,2019,Niger,614.8527256870276,7,0,1
Zinder,2020,Niger,614.8527256870276,4,0,1
Zinder,2021,Niger,614.8527256870276,2,0,1
Zinder,2022,Niger,614.8527256870276,11,3,1
Zinder,2023,Niger,614.8527256870276,6,0,1
Zinder,2024,Niger,614.8527256870276,4,1,1
Zinder,2025,Niger,614.8527256870276,3,7,1
